"ID","Title","EpicFile","Status","SourceIDs","Dependencies","ReleaseGate","OwnerType","TBDBlocked"
"BL-GOV-01","Maintain the authoritative requirement and decision baseline","01-governance.md","Partial — source snapshots and decision register exist; reconciliation is ongoing.","SCP-01, SCP-04, SCP-05, SCP-06, SCP-07, CFG-01, CFG-13, REL-06.","Current source snapshot; [Decision Required list](DECISION_REQUIRED.md).","M0 and REL-06 continuously; documentation is not release authorization.","Product engineer with accountable domain lead.","No for maintaining the record; each substantive decision remains blocked by its DR-CFG issue."
"BL-GOV-02","Record organizational custody and authorized release owners","01-governance.md","Partial — authorized private personal GitHub repository exists; institutional organizational custody, named owners and release authority remain unverified (1 October 2026 audit).","INF-03, ROL-10, CFG-11, REL-01.","BL-GOV-01; [DR-CFG-11](DECISION_REQUIRED.md#dr-cfg-11).","M0; CFG-11 before production deployment.","Organizational owner with technical custodian.","Yes for final ownership — DR-CFG-11; drafting the checklist is unblocked."
"BL-GOV-03","Establish evidence-based release approval packets","01-governance.md","Partial — release checklist exists and the public draft is deployed; the complete REL-01 approval/evidence packet remains outstanding (1 October 2026 audit).","REL-01, REL-02, REL-03, REL-04, REL-05, REL-06, SCP-07.","BL-GOV-01; BL-GOV-02; relevant epic acceptance evidence.","All REL gates, independently.","Release manager/product owner.","Named approval and live inputs depend on DR-CFG-01 through DR-CFG-13; packet preparation unblocked."
"BL-FND-01","Preserve and reproduce the pinned local application baseline","02-foundation.md","Baseline implemented — preserved M1 plus application CI at 9e018ae and deployed public shell; production governance and operational configuration remain separate gates.","INF-01, INF-04, INF-05, SEC-06, LOC-01, ERR-01.","Existing ENG-001 decision and repository files.","M1 local baseline only; REL-01 still requires separate approval.","Full-stack/platform engineer.","No local blocker; production plan/region/custody depend on DR-CFG-10/11."
"BL-FND-02","Execute the prepared local database migration and permission tests","02-foundation.md","Verified in isolated Linux CI — fresh job success at 9e018ae; prior database evidence records 20 pgTAP and 10 client integration checks passing. Optional Windows local replay remains unverified.","SEC-02, DAT-04, INF-04, INF-05.","BL-FND-01; Docker-compatible Linux container runtime.","M1 database verification; required before claiming database-dependent slices verified.","Database/platform engineer.","No business TBD; isolated CI verification is available. Optional Windows replay requires a working local engine; ENG-006 permits daily hosted development without it."
"BL-FND-03","Extend closed configuration with server-authoritative windows","02-foundation.md","Partial — typed unknown values and closed flags exist; scoped window extension workflow planned.","TIM-01, TIM-02, API-02, ERR-01, CFG-01, CFG-03, CFG-05, CFG-06, CFG-07.","BL-FND-01; BL-AUTH-01 for privileged changes; BL-SEC-01.","Relevant REL-02/03/04/05 workflow opening.","Backend engineer.","Synthetic implementation no; actual windows require the relevant DR-CFG-01/03/05/06/07/08 decision."
"BL-FND-04","Add a durable job and transactional event foundation","02-foundation.md","Planned.","API-01, API-02, API-03, ERR-02, DAT-04.","BL-FND-02; BL-SEC-01; BL-AUTH-01 for replay console.","Before any relevant durable production workflow; REL-06.","Backend/platform engineer.","Local implementation no; approved hosted execution/budget requires DR-CFG-10."
"BL-FND-05","Implement the email outbox with console and test delivery","02-foundation.md","Planned — console-only setting exists; durable notification behavior not implemented.","EML-01, EML-03, EML-04, EML-05, LOC-03, API-03.","BL-FND-04; BL-AUTH-01; event producers added in their domain issues.","Before any live email-dependent release; delivery target and quotas approved separately.","Backend/email engineer with content reviewer.","Synthetic work no; provider/sender/quotas/target require DR-CFG-10/11."
"BL-FND-06","Define versioned domain mutation and error contracts","02-foundation.md","Planned; closed API response already exists.","API-01, API-02, DAT-01, DAT-02, DAT-03, DAT-04, ERR-01, ERR-02, SCP-03.","BL-FND-01; BL-FND-02; BL-SEC-01.","Shared contract before operational slices; REL-06.","Full-stack engineer.","No for engineering contract; each domain's unresolved fields remain gated separately."
"BL-DSN-01","Retain the bilingual component and layout baseline","03-design-system.md","Component inventory implemented and merged through 9e018ae — bilingual layouts, forms, feedback/dialog/toast and table/pagination foundations; final editorial/brand and full accessibility review outstanding.","DSN-02, LOC-01, LOC-02, LOC-03, ACC-01.","BL-FND-01; existing design-system feature notes.","M2 local completion; REL-01 final content/brand/accessibility still open.","UI engineer and accessibility/design reviewer.","Component work no; specified fonts/palette/motion adopted under ENG-007. Final marks, content and remaining brand approval require DR-CFG-12."
"BL-DSN-02","Validate approved hero media against fallback and motion behavior","03-design-system.md","Partial — static poster and synthetic motion/fallback tests exist; cleared footage absent.","DSN-01, DSN-02, MED-01, MED-02, MED-04, NFR-02, ACC-01.","BL-DSN-01; BL-CMS-05; [DR-CFG-12](DECISION_REQUIRED.md#dr-cfg-12).","REL-01 media publication and performance review.","UI/media engineer with content rights owner.","Actual asset substitution yes — DR-CFG-12; safe static preview remains usable."
"BL-DSN-03","Close design-system accessibility and brand review findings","03-design-system.md","Partial — Chromium evidence and recorded WebKit public checks exist; WebKit keyboard/design-system failures or limitations, Firefox, real-device and assistive-technology review remain open.","ACC-01, DSN-02, LOC-01, REL-01, REL-06.","BL-DSN-01; accessibility test matrix; DR-CFG-12 for final brand sign-off.","REL-01; subsequent operational form releases repeat affected checks.","Accessibility QA with UI engineer.","Tool/device availability may block execution; final brand approval DR-CFG-12, not a blocker to accessibility fixes."
"BL-PUB-01","Preserve homepage and bilingual About preview evidence","04-public-site.md","Static preview published at d6e4be7 with approved dates/countdown and homepage montage; live English/Arabic Home/About checks passed. Final bilingual copy remains outstanding.","SCP-01, SCP-02, DSN-01, LOC-01, ACC-01, CFG-12.","BL-DSN-01; [DR-CFG-12](DECISION_REQUIRED.md#dr-cfg-12).","M3 preview achieved; REL-01 public approval remains open.","Content/UI engineer with bilingual editor.","Final content approval yes — DR-CFG-12; the existing deployed draft is not evidence that REL-01 is complete."
"BL-PUB-02","Add an honest Dates and Venue page","04-public-site.md","Implemented and published at d6e4be7; live EN/AR Dates and Venue routes, date metadata and navigation verified. Venue/start times remain pending.","SCP-02, TIM-01, CFG-01, CFG-12.","BL-PUB-01; typed configuration; DR-CFG-01 and DR-CFG-12.","ORG-001 calendar dates and scoped static page published; final copy/venue details and broader REL-01 remain gated. Registration remains separately gated.","Public-site engineer with content lead.","Calendar dates/page implementation no; venue/start times and final copy still depend on DR-CFG-01/12."
"BL-PUB-03","Render approved speakers and committee profiles","04-public-site.md","Planned.","SCP-02, CMS-03, CMS-04, ROL-09.","BL-CMS-04; BL-PGM-01; DR-CFG-12.","REL-01 profile/content/media approval.","UI/content engineer.","Synthetic layout no; names, permissions and translations DR-CFG-12."
"BL-PUB-04","Publish versioned participation guidance and FAQ","04-public-site.md","Planned.","SCP-02, REG-08, ABS-01, ABS-08, TRK-01, CMS-04.","BL-CMS-01; domain-approved rules and relevant DR-CFG decisions.","REL-01 and corresponding REL-02/03/04 published terms gate.","Content engineer with domain leads.","Layout no; live guidance depends on DR-CFG-02/03/05/06/07/12 as applicable."
"BL-PUB-05","Add announcements and complete honest public navigation","04-public-site.md","Partial — typed 15-page sitemap exists; most routes remain unpublished.","SCP-02, SCP-05, CMS-01, CMS-04, LOC-01.","BL-CMS-01; BL-CMS-02; existing typed navigation.","REL-01 content approval.","Public-site engineer.","Technical slice no; final announcement copy DR-CFG-12."
"BL-PUB-06","Implement categorized email-only Contact support","04-public-site.md","Planned; live delivery closed.","SUP-01, SUP-02, SUP-03, EML-01, EML-04, PRV-03, ACC-01.","BL-FND-05; BL-SEC-01; approved recipient/sender configuration DR-CFG-10/11.","REL-01 contact route plus privacy/email setup before public collection.","Full-stack engineer with support owner.","Console implementation no; live sender, routing tests and retention DR-CFG-09/10/11."
"BL-PUB-07","Show approved sponsors and sponsorship information","04-public-site.md","Planned.","SCP-02, SPN-01, SPN-02, ROL-09, MED-02.","BL-CMS-04; BL-CMS-07; DR-CFG-12.","REL-01 sponsor/media approval.","Public-site engineer with PR lead.","Synthetic page no; approved current sponsors/packages DR-CFG-12."
"BL-PUB-08","Render approved Privacy and Terms versions","04-public-site.md","Planned; legal/controller text not approved.","SCP-02, PRV-01, PRV-02, PRV-08, PAY-08, MED-02.","BL-SEC privacy-policy issues; DR-CFG-09; payment terms DR-CFG-02; BL-CMS-02.","REL-01 public legal/contact gate and before production collection/payment.","Content engineer with institutional privacy/legal owner.","Final copy yes — DR-CFG-09/02; layout and unpublished state unblocked."
"BL-PUB-09","Render consented galleries and a closed post-event archive","04-public-site.md","Planned; no historical footage cleared for this site.","SCP-02, ARC-01, ARC-02, MED-01, MED-03, MED-04, PRV-08.","BL-CMS-05; BL-CMS-08; approved archive/continuity contract; DR-CFG-09/12. Archive implementation precedes the final handover rehearsal.","REL-01 for gallery; REL-05, approved retention/continuity and BL-HND-04 acceptance before post-event handover is complete.","Public-site engineer with archive/content custodian.","Synthetic layout no; rights, summaries, continuity and retention DR-CFG-09/11/12."
"BL-CMS-01","Add a scoped structured content draft editor","05-cms.md","Planned; CMS server flag closed.","CMS-01, ROL-09, ROL-01, SEC-02, DAT-03.","BL-AUTH-01; BL-AUTH-05; BL-FND-06; BL-SEC-01.","M4; staff authentication before editing; REL-01 secured CMS.","Full-stack CMS engineer.","Synthetic editor no; named staff/publisher grants DR-CFG-11."
"BL-CMS-02","Implement preview, publication, unpublication and recovery","05-cms.md","Planned.","CMS-02, CMS-04, ADM-04, API-02, REL-01.","BL-CMS-01; BL-FND-06.","REL-01 secured CMS and content approval.","CMS/backend engineer.","Technical transitions no; live publisher identity DR-CFG-11 and approved copy DR-CFG-12."
"BL-CMS-03","Extend structured forms and enforce translation completeness","05-cms.md","Planned.","CMS-01, CMS-04, LOC-01, TIM-01.","BL-CMS-01; BL-CMS-02; approved fallback rule DR-CFG-12.","REL-01 each page's approved content.","CMS engineer with bilingual editor.","Schema work no; fallback/copy approval DR-CFG-12; actual dates DR-CFG-01."
"BL-CMS-04","Manage public profiles with separated private contacts","05-cms.md","Planned.","CMS-03, SPN-01, ROL-09, MED-02, PRV-03.","BL-CMS-01; BL-CMS-02; BL-CMS-05 for approved media; domain session references.","REL-01 approved profiles/media and privacy policy.","Full-stack CMS engineer.","Synthetic work no; approved current profiles/packages DR-CFG-12 and contact retention DR-CFG-09."
"BL-CMS-05","Gate media approval and consent withdrawal","05-cms.md","Planned; asset slots documented, no clearance assumed.","MED-01, MED-02, MED-03, PRV-08, CMS-02, ADM-04.","BL-AUTH-01; BL-SEC-01; approved media/minor policy DR-CFG-09/12.","REL-01 before media publication; CFG-09/12.","CMS engineer with privacy/media rights owner.","Production permission/minors/removal policy yes — DR-CFG-09/12; synthetic state machine no."
"BL-CMS-06","Add authorized direct media intake and quarantine","05-cms.md","Planned.","MED-01, MED-04, SEC-03, SEC-05, API-03.","BL-CMS-05; shared private-upload security; BL-FND-04; DR-CFG-10/12 technical limits.","REL-01 media/security/performance; provider/limits approved before live uploads.","Storage/media engineer.","Synthetic pipeline no; codecs/sizes/durations/storage budget/scanner DR-CFG-10/12."
"BL-CMS-07","Implement the restricted sponsorship inquiry workflow","05-cms.md","Planned.","SPN-02, SUP-03, ROL-09, EML-03, PRV-03.","BL-FND-05; BL-AUTH-01; BL-SEC-01; DR-CFG-09/10.","REL-01 plus privacy/sender readiness before live inquiry collection.","Full-stack engineer with PR owner.","Synthetic workflow no; live retention/recipients/sender DR-CFG-09/10/11."
"BL-CMS-08","Process cleared media into approved gallery derivatives","05-cms.md","Planned.","MED-01, MED-03, MED-04, DSN-01, API-03, NFR-02.","BL-CMS-06; BL-CMS-05; BL-FND-04; approved encode/size/duration/budget profile DR-CFG-10/12.","REL-01 media approval, security and measured performance before public delivery.","Media/storage engineer with accessibility and rights reviewers.","Synthetic processing no; actual codec/limits/storage-delivery budget and rights DR-CFG-10/12."
"BL-AUTH-01","Implement edition-scoped grants and privileged access enforcement","06-authentication.md","Planned; no operational role system exists.","ROL-01, ROL-02, ROL-03, ROL-04, ROL-05, ROL-06, ROL-07, ROL-08, ROL-09, ROL-10, ROL-11, ROL-12, SEC-02, AUTH-04.","BL-FND-02; BL-SEC-01; managed identity integration and agreed MFA assurance contract. Land closed grant checks before MFA enrollment UI.","M4 before CMS/admin use; BL-AUTH-05 enrollment/recovery must pass before staff activation; every subsequent REL gate.","Security/backend engineer.","Synthetic matrix no; actual privileged identities/grants DR-CFG-11."
"BL-AUTH-02","Add managed email/password account creation and sign-in","06-authentication.md","Planned.","AUTH-01, AUTH-06, LOC-01, DAT-01, DAT-04, SEC-01.","BL-FND-01; BL-FND-02; BL-SEC-01. Sign-up/sign-in may land while all verification-dependent operations remain closed.","M5; BL-AUTH-03 before verification-dependent operations; CFG-09 privacy and configured identity/email before real users.","Authentication/full-stack engineer.","Synthetic auth no; production notices/provider/sender DR-CFG-09/10."
"BL-AUTH-03","Implement single-use verification codes with abuse protection","06-authentication.md","Planned.","AUTH-02, ACC-01, EML-01, SEC-01.","BL-AUTH-02; BL-FND-05; BL-SEC-01.","M5 verified operational access; configured email/privacy prerequisites.","Authentication/security engineer.","No new business TBD for defaults; live email/anti-bot configuration DR-CFG-10."
"BL-AUTH-04","Add throttled password recovery and safe reset","06-authentication.md","Planned.","AUTH-03, AUTH-05, SEC-01, EML-01, ERR-01.","BL-AUTH-02; BL-FND-05; BL-AUTH-06.","Before production authentication use.","Authentication engineer.","Synthetic recovery no; live provider/sender configuration DR-CFG-10."
"BL-AUTH-05","Add privileged TOTP enrollment and audited factor recovery","06-authentication.md","Planned; required before CMS editing.","AUTH-04, ROL-12, SEC-01, SEC-06.","BL-AUTH-01; managed identity; approved staff recovery procedure DR-CFG-11.","M4 and all privileged production access.","Security/authentication engineer.","Synthetic integration no; approved recovery custodians/procedure DR-CFG-11."
"BL-AUTH-06","Enforce session lifetimes and revocation with draft recovery","06-authentication.md","Planned.","AUTH-05, ROL-12, SEC-06, ERR-01.","Managed identity; BL-AUTH-01; BL-FND-06; BL-AUTH-05 for assurance invalidation tests.","Before production participant or privileged access.","Authentication/backend engineer.","No business TBD for adopted configurable defaults; provider implementation must prove enforcement."
"BL-AUTH-07","Add minimal profile editing and verified support requests","06-authentication.md","Planned.","AUTH-06, AUTH-07, PRV-03, PRV-04, DAT-01.","BL-AUTH-02; BL-AUTH-06; privacy request handling and DR-CFG-09.","M5 and privacy policy before production data collection.","Full-stack engineer with privacy owner.","Conditional field purposes/retention procedure DR-CFG-09; minimal synthetic form unblocked."
"BL-AUTH-08","Add a scoped participant dashboard shell","06-authentication.md","Planned.","SCP-03, ROL-02, LOC-01, DAT-03, ERR-01.","BL-AUTH-02; BL-AUTH-03; BL-AUTH-06; approved domain read contracts.","M5 shell; each displayed action opens only under its domain REL gate.","Participant-portal engineer.","Shell no; individual operational actions inherit domain decision gates."
"BL-AUTH-09","Clean abandoned unverified accounts without harming retained records","06-authentication.md","Planned.","AUTH-08, PRV-05, PRV-06, API-03.","BL-FND-04; BL-AUTH-02; approved retention exception map DR-CFG-09.","Before sustained production account collection; approved retention process.","Backend/privacy engineer.","Default cleanup logic no; retention exception approval DR-CFG-09."
"BL-ABS-01","Add the structured abstract draft and shared word counter","07-abstract-submission.md","Planned; synthetic implementation permitted.","ABS-01, ABS-02, ABS-03, ABS-04, LOC-02, AT-07.","BL-FND-01; verified participant identity; [DR-CFG-03](DECISION_REQUIRED.md#dr-cfg-03).","REL-03 submission configuration and production privacy approval; synthetic UI may remain gated in staging.","Full-stack engineer with scientific lead and accessibility reviewer.","Technical draft work no; live form yes, CFG-03 choice lists/keyword policy and CFG-09 collection approval."
"BL-ABS-02","Persist resumable drafts with visible conflict and autosave recovery","07-abstract-submission.md","Planned.","ABS-12, ROL-02, ERR-01, ERR-02, AT-16.","BL-ABS-01; verified participant identity; server validation and database grants/RLS.","REL-03 and REL-06; demonstrate recovery before submission opening.","Full-stack engineer and QA engineer.","Technical work no; live access follows CFG-03/CFG-09 submission and privacy gates."
"BL-ABS-03","Model ordered authors and explicit submission authority","07-abstract-submission.md","Planned.","ABS-02, ABS-05, ABS-06, SCP-03, PRV-03.","BL-ABS-01, BL-ABS-02; [DR-CFG-03](DECISION_REQUIRED.md#dr-cfg-03); approved co-author-data notice.","REL-03 and approved field purposes/privacy notice before collection.","Full-stack engineer with scientific/privacy owners.","Live corresponding-author validation and data collection yes, CFG-03/CFG-09; synthetic schema/UI work no."
"BL-ABS-04","Upload only private stage-one administrative evidence","07-abstract-submission.md","Planned.","ABS-09, ABS-15, ROL-11, AT-08, SEC-03, SEC-04.","BL-ABS-02; BL-SEC-01 and approved private-upload/quarantine foundation; [DR-CFG-10](DECISION_REQUIRED.md#dr-cfg-10).","REL-03 upload policy plus configured malware service and tested private storage.","Full-stack/security engineer.","Synthetic integration no; live uploads yes, CFG-09 retention and CFG-10 scanning/storage approval."
"BL-ABS-05","Validate ethics and similarity evidence without automated rejection","07-abstract-submission.md","Planned.","ABS-10, ABS-11, ROL-05, ROL-11, AT-08.","BL-ABS-04; BL-AUTH-01; [DR-CFG-03](DECISION_REQUIRED.md#dr-cfg-03).","REL-03 approved evidence policy and responsibility before administrative processing opens.","Scientific lead with security/full-stack engineer.","Live validation yes, CFG-03 provider/report settings and CFG-09 handling; synthetic workflow no."
"BL-ABS-06","Finalize one immutable application with race-safe PI limits","07-abstract-submission.md","Planned.","ABS-07, ABS-12, ABS-13, TIM-01, TIM-02, ERR-02, AT-07, AT-16.","BL-ABS-01, BL-ABS-03, BL-ABS-04; configured submission window; durable email jobs and stable server-side PI identity association designed without requiring co-author accounts.","REL-03 configured submission rules and REL-06 transactional/recovery evidence.","Full-stack/database engineer with scientific lead and QA.","Technical transaction/PI association design no; live specialty/reference, author-role settings and submission window require CFG-03 approval."
"BL-ABS-07","Support withdrawal and explicitly authorized reopening","07-abstract-submission.md","Planned.","ABS-07, ABS-12, REV-06, REV-09, TIM-02.","BL-ABS-06; BL-REV-03 assignment handling; cancellable durable-job foundation.","REL-03, with permitted transition policy and staff procedure recorded.","Full-stack engineer with scientific operations owner.","Technical safeguards no; live discretionary reopen/exception ownership and windows need scientific configuration under CFG-03."
"BL-ABS-08","Open stage-two materials only through an authorized request","07-abstract-submission.md","Planned.","ABS-14, ABS-15, REV-06, ROL-06, ROL-11, SEC-04, AT-08.","BL-ABS-04, BL-ABS-06; BL-REV-05; shared private file pipeline; [DR-CFG-03](DECISION_REQUIRED.md#dr-cfg-03).","REL-03 final-material settings plus REL-05 judging access readiness.","Full-stack/security engineer with scientific lead.","Live stage two yes, CFG-03 deliverables/templates/deadlines and CFG-10 scanning; synthetic boundary work no."
"BL-REV-01","Version rubrics and aggregate completed human reviews","08-review-and-decisions.md","Planned.","REV-02, REV-04, REV-05, CFG-03, AT-09.","BL-AUTH-01; BL-SEC-01; [DR-CFG-03](DECISION_REQUIRED.md#dr-cfg-03).","REL-03 approved rubric, quorum, ongoing-study and disagreement settings.","Scientific lead with full-stack engineer and QA.","Live scoring yes, CFG-03; versioning and synthetic calculation tests no."
"BL-REV-02","Generate an identity-safe review packet","08-review-and-decisions.md","Planned.","REV-01, ABS-15, ROL-03, ROL-04, AI-02, AT-02.","BL-ABS-06, BL-ABS-05; approved private-file foundation; BL-SEC-01.","REL-03/REL-04 pre-event anonymity evidence, including direct access tests.","Security/full-stack engineer with scientific administrator.","Technical projection no; actual sanitization approval and live processing depend on CFG-03/CFG-05/CFG-06 and CFG-09 as applicable."
"BL-REV-03","Assign reviewers and withdraw conflicted assignments","08-review-and-decisions.md","Planned.","REV-02, REV-03, ROL-03, ROL-12, AT-09.","BL-REV-01, BL-REV-02; BL-AUTH-01; individual privileged MFA/grants.","REL-03 approved assignment/quorum settings plus REL-06 permission tests.","Full-stack/security engineer with scientific lead.","Synthetic assignment flow no; live reviewers/quorum/criteria depend on CFG-03 and actual role grants."
"BL-REV-04","Save and submit independent reviewer scorecards","08-review-and-decisions.md","Planned.","REV-03, REV-04, ROL-03, TIM-01, TIM-02, ERR-01, AT-09.","BL-REV-01, BL-REV-03; configured review window; draft/idempotency primitives.","REL-03 approved rubric/window/quorum and REL-06 review recovery evidence.","Full-stack engineer and scientific QA reviewer.","Live review yes, CFG-03; synthetic flow no."
"BL-REV-05","Prepare, preview and explicitly publish scientific decisions","08-review-and-decisions.md","Planned.","REV-05, REV-06, REV-07, EML-03, EML-04, EML-05, AT-10.","BL-REV-01, BL-REV-04; BL-AUTH-01; durable email foundation and approved send configuration.","REL-03 authorized release owner and REL-06 publication/email evidence.","Full-stack engineer with scientific lead and QA.","Live decision criteria/authority and sender yes, CFG-03/CFG-10/CFG-11; mock publication no."
"BL-REV-06","Publish bounded revision requests and enforce their deadlines","08-review-and-decisions.md","Planned.","REV-07, REV-08, TIM-01, TIM-02, AT-10.","BL-REV-05; BL-ABS-06; deadline and durable-job foundation.","REL-03 configured revision procedure and REL-06 boundary evidence.","Full-stack engineer with scientific lead.","Technical default window no; actual production request authority and related scientific settings follow CFG-03."
"BL-REV-07","Finalize revisions without reusing stale assessments","08-review-and-decisions.md","Planned.","REV-09, ABS-12, REV-02, ERR-02, AT-10.","BL-REV-06, BL-REV-02, BL-REV-03; BL-ABS-06.","REL-03 version isolation and REL-06 failure/retry evidence.","Full-stack/database engineer with scientific operations.","Synthetic version workflow no; live reassessment policy/criteria require CFG-03."
"BL-REV-08","Score accepted work through separate event judging records","08-review-and-decisions.md","Planned.","REV-10, ROL-06, ROL-12, CFG-04, REL-05.","BL-REV-05; BL-ABS-08; BL-AUTH-01; [DR-CFG-04](DECISION_REQUIRED.md#dr-cfg-04).","REL-05 trained judges, configured categories/rubric/ties/locks and event rehearsal.","Full-stack engineer with judging committee and event QA.","Live event scoring yes, CFG-04; synthetic independent records no."
"BL-REV-09","Require supervisor validation only for selected research winners","08-review-and-decisions.md","Planned.","ABS-08, REV-10, AT-11, CFG-04.","BL-REV-08; BL-REV-05 publication pattern; approved private-file pipeline; [DR-CFG-04](DECISION_REQUIRED.md#dr-cfg-04).","REL-05 award categories, evidence/verifier/deadline and result-release approval.","Scientific/award lead with full-stack/privacy engineer.","Live award handling yes, CFG-04; conditional state and synthetic tests no."
"BL-AI-01","Define a disabled advisory adapter with sanitized inputs","09-ai-assessment.md","Planned; synthetic adapter only until approval.","AI-01, AI-02, AI-05, PRV-07, CFG-10.","BL-REV-01, BL-REV-02; BL-SEC-01; [DR-CFG-10](DECISION_REQUIRED.md#dr-cfg-10).","Separate AI gate within REL-03: approved provider/terms/location/disclosure plus evaluation evidence.","Full-stack/security engineer with scientific and privacy owners.","Live transmission yes, CFG-10 and CFG-09; adapter contract/synthetic tests no."
"BL-AI-02","Process assessment jobs with bounded recovery and validated provenance","09-ai-assessment.md","Planned.","AI-01, AI-04, AI-06, ERR-02, AT-09.","BL-AI-01; durable-job foundation; approved retry/cost configuration before activation.","AI activation gate and REL-06 failure/recovery evidence; provider limits must be approved.","Full-stack/platform engineer with security QA.","Synthetic worker no; live provider/output/cost limits yes, CFG-10."
"BL-AI-03","Reveal suggestions only after an independent human draft","09-ai-assessment.md","Planned.","AI-03, AI-04, REV-04, AT-09.","BL-REV-04, BL-AI-02; approved rubric and reveal policy.","AI gate within REL-03 and independent-review acceptance evidence.","Full-stack engineer with scientific lead and accessibility QA.","Synthetic reveal flow no; live model and final rubric yes, CFG-03/CFG-10."
"BL-AI-04","Record evaluation evidence and controlled activation approval","09-ai-assessment.md","Planned.","AI-05, AI-06, REL-03, AT-09, CFG-10.","BL-AI-01, BL-AI-02, BL-AI-03; [DR-CFG-03](DECISION_REQUIRED.md#dr-cfg-03), [DR-CFG-10](DECISION_REQUIRED.md#dr-cfg-10).","Separate REL-03 AI approval; manual scientific review is not blocked merely by this unresolved capability.","Scientific lead, privacy owner and platform/security engineer.","Live evaluation criteria, provider/terms/location/cost approval yes, CFG-03/CFG-09/CFG-10; synthetic failure evaluation no."
"BL-REG-01","Submit a registration request with published conditions","10-registration.md","Planned; production closed.","REG-01, REG-02, REG-04, REG-05, AUTH-01, PRV-02, DAT-03, TIM-01, API-01","BL-FND-01; participant verified-account slice; privacy notice/version contract; [DR-CFG-01](DECISION_REQUIRED.md#dr-cfg-01), [DR-CFG-02](DECISION_REQUIRED.md#dr-cfg-02).","REL-02, REL-06; privacy approval before production collection.","Full-stack engineer with registration lead and privacy reviewer.","Synthetic implementation unblocked; production submission blocked by CFG-01/02/09."
"BL-REG-02","Manually approve requests with atomic seat allocation","10-registration.md","Planned.","REG-02, REG-03, REG-04, REG-06, ROL-07, DAT-04, API-02, AT-03, AT-05","BL-REG-01; BL-AUTH-01; BL-SEC-01; approved capacity/approval responsibility and queue policy from [DR-CFG-01](DECISION_REQUIRED.md#dr-cfg-01).","REL-02, REL-06; AT-03/05 passing.","Backend/database engineer with registration operations lead.","Synthetic allocation tests unblocked; live approval blocked by CFG-01, including queue handling."
"BL-REG-03","Expire unpaid reservations and process reasoned cancellation","10-registration.md","Planned.","REG-04, REG-06, REG-07, PAY-06, PAY-07, TIM-01, ERR-02, API-03","BL-REG-02; agreed late-payment/refund event contract and ticket revocation contract; [DR-CFG-01](DECISION_REQUIRED.md#dr-cfg-01), [DR-CFG-02](DECISION_REQUIRED.md#dr-cfg-02). Land expiry and closed exception handoff before implementing its payment consumer.","REL-02, REL-06; BL-PAY-05, BL-PAY-06 and BL-CHK-01 integrated and tested; published cancellation/financial consequences required before activation.","Backend engineer with registration and finance leads.","Synthetic workflow unblocked; live deadlines and consequences blocked by CFG-01/02."
"BL-REG-04","Confirm eligible admission and show a truthful participant dashboard","10-registration.md","Planned.","REG-03, REG-07, SCP-03, ROL-02, DAT-03, API-02, AT-03","BL-REG-02, BL-REG-03; BL-PAY-02, BL-PAY-04; BL-CHK-01; participant authentication and support route.","REL-02, REL-06; ticket issuance and revocation must pass before opening registration.","Full-stack engineer with registration lead.","Synthetic dashboard unblocked; production confirmation inherits CFG-01/02 gates."
"BL-REG-05","Preserve research independence and publish attendance obligations","10-registration.md","Planned.","REG-08, REG-01, SCP-03, SCP-05, CMS-04, REL-03, REL-04","Abstract finalization/release and competition release contracts; structured bilingual content; [DR-CFG-03](DECISION_REQUIRED.md#dr-cfg-03), [DR-CFG-05](DECISION_REQUIRED.md#dr-cfg-05), [DR-CFG-06](DECISION_REQUIRED.md#dr-cfg-06).","REL-03/04 for relevant outcomes; REL-06.","Product/full-stack engineer with scientific and competition owners.","Independence enforcement unblocked; attendance-obligation publication blocked until relevant owner decisions exist."
"BL-PAY-01","Create immutable server-priced order snapshots","11-payment.md","Planned.","PAY-01, PAY-02, DAT-03, DAT-04, API-02, PRV-03","BL-FND-01; BL-SEC-01; approved financial configuration from [DR-CFG-02](DECISION_REQUIRED.md#dr-cfg-02).","REL-02, REL-06; CFG-02 configuration before live orders.","Backend/database engineer with finance owner.","Synthetic calculation engine unblocked; production monetary values blocked by CFG-02."
"BL-PAY-02","Redeem discounts and complete eligible zero-value orders","11-payment.md","Planned.","PAY-03, REG-02, WKS-02, DAT-04, API-02, AT-03, AT-05","BL-PAY-01; verified participant account; [DR-CFG-02](DECISION_REQUIRED.md#dr-cfg-02).","REL-02, REL-06; eligibility/limit/refund-restoration policy approved.","Backend engineer with finance and registration leads.","Synthetic validation unblocked; live evidence, eligibility limits and restoration rules blocked by CFG-02."
"BL-PAY-03","Isolate KAU collection behind a mock-first adapter","11-payment.md","Planned; no live contract supplied.","PAY-01, PAY-04, PAY-05, REG-03, API-01, API-02, ERR-01","BL-PAY-01; BL-REG-02 and the agreed workshop approval contract; [DR-CFG-02](DECISION_REQUIRED.md#dr-cfg-02), [DR-CFG-10](DECISION_REQUIRED.md#dr-cfg-10). Use synthetic approved-order fixtures before workshop producer integration.","REL-02, REL-06; live activation requires documented interface and official confirmation proof; BL-WKS-03 integration must pass before workshop collection opens.","Integration engineer with authorized KAU/finance owner.","Mock implementation unblocked; real adapter implementation is BL-PAY-08 and remains blocked by CFG-02/10 evidence."
"BL-PAY-04","Authenticate and reconcile official payment confirmation","11-payment.md","Planned; supported confirmation mechanism unresolved.","PAY-04, PAY-05, DAT-04, API-02, ROL-07, AT-04","BL-PAY-01, BL-PAY-03; BL-AUTH-01; [DR-CFG-02](DECISION_REQUIRED.md#dr-cfg-02) must define operator, evidence, reference matching and timing.","REL-02, REL-06; AT-04 with actual approved procedure, not just mocks.","Backend/integration engineer with finance owner.","Synthetic core unblocked; concrete official-proof integration and live confirmation blocked by CFG-02."
"BL-PAY-05","Resolve late and ambiguous payment exceptions without overbooking","11-payment.md","Planned.","PAY-05, PAY-06, REG-06, WKS-04, ERR-01, API-02, ADM-01","BL-PAY-04; BL-REG-03; BL-WKS-02; BL-PAY-06; [DR-CFG-01](DECISION_REQUIRED.md#dr-cfg-01), [DR-CFG-02](DECISION_REQUIRED.md#dr-cfg-02), [DR-CFG-07](DECISION_REQUIRED.md#dr-cfg-07).","REL-02, REL-06; published exception/refund handling required.","Backend engineer with finance and operations leads.","Synthetic queue unblocked; live resolution rules blocked by CFG-01/02/07."
"BL-PAY-06","Track authorized refunds separately from cancellation","11-payment.md","Planned.","PAY-07, PAY-06, REG-07, DAT-03, ADM-04, AT-04","BL-PAY-04; BL-CHK-01; agreed exception-to-refund request contract; approved KAU authority/procedure and consequence matrix from [DR-CFG-02](DECISION_REQUIRED.md#dr-cfg-02). Refund tracking can land before the exception queue calls it.","REL-02, REL-06; official refund authority, published consequences and BL-PAY-05 exception integration required for live resolution.","Backend engineer with finance/KAU owner.","Synthetic ledger unblocked; live execution and entitlement consequences blocked by CFG-02."
"BL-PAY-07","Publish financial terms and deliver truthful receipts","11-payment.md","Planned.","PAY-08, PAY-01, EML-01, EML-04, ROL-07, CMS-04, ADM-03","BL-PAY-01, BL-PAY-04, BL-PAY-06; durable email service; approved terms from [DR-CFG-02](DECISION_REQUIRED.md#dr-cfg-02); privacy/content approval.","REL-02, REL-06; approved receipt/tax treatment and tested sender.","Full-stack/content engineer with finance and privacy reviewers.","Synthetic views/templates unblocked; publication and receipt wording blocked by CFG-02/09/12 and sender CFG-10."
"BL-PAY-08","Implement the officially supported KAU collection handoff","11-payment.md","Planned; actual adapter implementation blocked until the official interface, payee and reference contract are supplied and approved.","PAY-01, PAY-04, PAY-05, PAY-08, REG-03, AT-04, CFG-02, CFG-10","BL-PAY-01, BL-PAY-03, BL-PAY-04, BL-PAY-07; approved KAU interface/access or official collection instructions and order-reference contract; [DR-CFG-02](DECISION_REQUIRED.md#dr-cfg-02), [DR-CFG-10](DECISION_REQUIRED.md#dr-cfg-10).","REL-02/REL-06 and AT-04 using the actual approved collection and BL-PAY-04 confirmation path; published terms, refund/exception handling and registration/workshop ticket prerequisites must pass before live collection is enabled.","Integration/security engineer with authorized KAU and Finance owners.","Yes, CFG-02 official collection interface/payee/references/access and CFG-10 integration/configuration approval; BL-PAY-03 mock work remains independent. This backlog does not authorize real transactions."
"BL-WKS-01","Publish a bilingual workshop catalog with truthful availability","12-workshops.md","Planned.","WKS-01, WKS-02, SCP-02, CMS-01, CMS-04, TIM-01","Structured CMS publication contract; BL-FND-01; [DR-CFG-07](DECISION_REQUIRED.md#dr-cfg-07), [DR-CFG-12](DECISION_REQUIRED.md#dr-cfg-12).","REL-01 for public information; REL-02 separately for booking; REL-06.","Full-stack engineer with workshop/content lead.","Synthetic catalog unblocked; real catalog publication blocked by CFG-07/12."
"BL-WKS-02","Allocate first-come workshop holds transactionally","12-workshops.md","Planned.","WKS-02, WKS-03, WKS-04, WKS-06, DAT-04, API-02, TIM-01, AT-05","BL-WKS-01; participant verification; BL-SEC-01; [DR-CFG-07](DECISION_REQUIRED.md#dr-cfg-07).","REL-02, REL-06; AT-05 and actual hold policy.","Backend/database engineer with workshop lead.","Synthetic transactions unblocked; live hold durations/capacity/transfer buffer policy blocked by CFG-07."
"BL-WKS-03","Approve and confirm bookings only when all prerequisites hold","12-workshops.md","Planned.","WKS-02, WKS-03, WKS-06, PAY-03, REG-03, API-02, ROL-07","BL-WKS-02; BL-REG-04; BL-PAY-02, BL-PAY-04; [DR-CFG-07](DECISION_REQUIRED.md#dr-cfg-07).","REL-02, REL-06; approvers, payment and hold rules configured.","Full-stack engineer with workshop and registration leads.","Synthetic prerequisite enforcement unblocked; live operations inherit CFG-01/02/07."
"BL-WKS-04","Offer released seats through an eligible time-limited waitlist","12-workshops.md","Planned.","WKS-05, WKS-06, WKS-04, API-02, API-03, AT-06","BL-WKS-02, BL-WKS-03; durable jobs/email; [DR-CFG-07](DECISION_REQUIRED.md#dr-cfg-07).","REL-02, REL-06; AT-06 and offer policy approval.","Backend/full-stack engineer with workshop lead.","Synthetic waitlist engine unblocked; live offer windows and detailed eligibility policy blocked by CFG-07."
"BL-WKS-05","Manage staff-reserved seats without hiding capacity","12-workshops.md","Planned.","WKS-01, WKS-04, WKS-07, ROL-07, ADM-04, API-02","BL-WKS-01, BL-WKS-02; BL-AUTH-01; [DR-CFG-07](DECISION_REQUIRED.md#dr-cfg-07).","REL-02, REL-06; reservation authority/deadline policy approved.","Backend engineer with workshop operations lead.","Synthetic reservation controls unblocked; live quotas/authority/deadlines blocked by CFG-07."
"BL-WKS-06","Resolve cancellation, removal and schedule/capacity changes","12-workshops.md","Planned.","WKS-07, WKS-06, WKS-04, PAY-07, EML-01, API-02","BL-WKS-03, BL-WKS-04, BL-WKS-05; BL-PAY-06; [DR-CFG-02](DECISION_REQUIRED.md#dr-cfg-02), [DR-CFG-07](DECISION_REQUIRED.md#dr-cfg-07).","REL-02, REL-06; published cancellation/change consequences required.","Full-stack engineer with workshop and finance leads.","Synthetic impact checks unblocked; live cancellation/refund/resolution policy blocked by CFG-02/07."
"BL-HAC-01","Model independent solo and preformed-team entries","13-hackathon.md","Planned; live application closed.","HAC-01, HAC-02, HAC-10, AUTH-06, AT-12.","BL-FND-01; participant verification; BL-SEC-01; [DR-CFG-05](DECISION_REQUIRED.md#dr-cfg-05), [DR-CFG-13](DECISION_REQUIRED.md#dr-cfg-13).","REL-04 application stage plus production privacy gate.","Full-stack/database engineer with hackathon/privacy leads.","Live eligibility/cross-mode/member policy yes, CFG-05/CFG-13; confirmed model and synthetic validations no."
"BL-HAC-02","Confirm accepted team membership without blocking initial review","13-hackathon.md","Planned.","HAC-03, HAC-01, EML-03, AT-12.","BL-HAC-01, BL-HAC-06; durable email jobs; [DR-CFG-05](DECISION_REQUIRED.md#dr-cfg-05).","REL-04 post-acceptance onboarding with approved confirmation/refusal/lock policy.","Full-stack/security engineer with hackathon lead.","Live confirmation behavior yes, CFG-05; safe synthetic invitation flow no."
"BL-HAC-03","Save and finalize a hackathon-specific pitch snapshot","13-hackathon.md","Planned.","HAC-04, HAC-05, LOC-02, TIM-02, ERR-02, AT-12.","BL-HAC-01; private-upload and durable-job foundations; [DR-CFG-05](DECISION_REQUIRED.md#dr-cfg-05).","REL-04 approved application schema/files/eligibility/dates and privacy handling.","Full-stack engineer with hackathon/scientific owner.","Live form yes, CFG-05/CFG-13 and scanning CFG-10; synthetic snapshot workflow no."
"BL-HAC-04","Validate eligibility and route originality concerns to humans","13-hackathon.md","Planned.","HAC-02, HAC-05, HAC-10, CFG-13.","BL-HAC-03; BL-AUTH-01; [DR-CFG-05](DECISION_REQUIRED.md#dr-cfg-05), [DR-CFG-10](DECISION_REQUIRED.md#dr-cfg-10), [DR-CFG-13](DECISION_REQUIRED.md#dr-cfg-13).","REL-04 eligibility/originality procedure and privacy approval before affected selection work.","Hackathon lead with security/full-stack engineer and privacy owner.","Live eligibility/originality implementation yes, CFG-05/CFG-10/CFG-13; declarations and synthetic human routing no."
"BL-HAC-05","Assign two independent blinded hackathon reviews","13-hackathon.md","Planned.","HAC-06, ROL-04, REV-01, AT-12.","BL-HAC-04; BL-REV-02 and assignment/scorecard infrastructure; approved hackathon settings.","REL-04 hackathon review rubric/quorum/anonymity approved and tested.","Full-stack/security engineer with hackathon selection lead.","Live reviewing yes, CFG-05; reusable synthetic assignment/access tests no."
"BL-HAC-06","Publish selection only after resolving solo finalist accounting","13-hackathon.md","Planned; live capacity selection blocked.","HAC-06, HAC-07, HAC-02, REV-07, CFG-13.","BL-HAC-05; BL-REV-05 publication infrastructure; [DR-CFG-05](DECISION_REQUIRED.md#dr-cfg-05), [DR-CFG-13](DECISION_REQUIRED.md#dr-cfg-13).","REL-04 selection gate, including CFG-13 quota reconciliation and authorized release.","Hackathon lead with database/full-stack engineer and QA.","Live selection yes, CFG-05/CFG-13; gated publication infrastructure no."
"BL-HAC-07","Collect final pitch material without requiring a prototype","13-hackathon.md","Planned.","HAC-08, HAC-09, HAC-11, TIM-02.","BL-HAC-06; private-upload foundation; [DR-CFG-05](DECISION_REQUIRED.md#dr-cfg-05).","REL-04 final-material stage and REL-05 event fairness/recording/media procedure.","Full-stack engineer with hackathon/event operations lead.","Live final collection yes, CFG-05; request/version/access scaffolding no."
"BL-HAC-08","Track each member's compulsory hackathon activities","13-hackathon.md","Planned.","HAC-08, CHK-03, CHK-04, HAC-10, REL-05.","BL-HAC-02; shared attendance/check-in evidence services; program activity records; [DR-CFG-05](DECISION_REQUIRED.md#dr-cfg-05), [DR-CFG-08](DECISION_REQUIRED.md#dr-cfg-08).","REL-05 approved evidence/exception/fair-allocation/outage procedures and staff/device rehearsal.","Event operations/hackathon lead with full-stack engineer and QA.","Live evidence/exception procedures yes, CFG-05/CFG-08/CFG-13; per-person technical isolation no."
"BL-HAC-09","Collect separately configured hackathon final scorecards","13-hackathon.md","Planned; final scoring closed.","HAC-09, HAC-11, ROL-06, REL-05.","BL-HAC-07, BL-HAC-08; BL-REV-08 event-score infrastructure; [DR-CFG-05](DECISION_REQUIRED.md#dr-cfg-05).","REL-05 judging rules/device rehearsal and REL-04 approved hackathon terms.","Hackathon/judging lead with full-stack/security engineer.","Live judging yes, CFG-05; reusable isolated event score architecture no."
"BL-HAC-10","Release hackathon awards with per-member evidence and approved terms","13-hackathon.md","Planned; awards and competition certificate evidence gates closed.","HAC-08, HAC-11, CRT-03, REV-07, REL-05.","BL-HAC-08, BL-HAC-09; shared authorized publication service; [DR-CFG-05](DECISION_REQUIRED.md#dr-cfg-05), [DR-CFG-08](DECISION_REQUIRED.md#dr-cfg-08).","REL-05 approved hackathon award/evidence procedure and independent competition-certificate gate.","Hackathon/event lead with full-stack/privacy engineer.","Live award/prize/IP and certificate rules yes, CFG-05/CFG-08; gated publication/evidence integration no."
"BL-TMT-01","Add a separately gated postgraduate draft","14-3mt.md","Planned; live opening blocked by 3MT configuration.","TMT-01, TMT-02, SCP-03, LOC-02.","BL-FND-01; verified participant identity; BL-SEC-01; [DR-CFG-06](DECISION_REQUIRED.md#dr-cfg-06).","REL-04 3MT stage and production privacy approval.","Full-stack engineer with 3MT/privacy lead.","Live entry yes, CFG-06/CFG-09; gated synthetic draft no."
"BL-TMT-02","Finalize configured 3MT applications and private files","14-3mt.md","Planned.","TMT-01, TMT-02, TIM-01, TIM-02, SEC-03, ERR-02.","BL-TMT-01; private-file/durable-email foundations; [DR-CFG-06](DECISION_REQUIRED.md#dr-cfg-06).","REL-04 approved 3MT eligibility/form/files/limits/deadlines; REL-06 transactional/file evidence.","Full-stack/security engineer with 3MT lead.","Live finalization yes, CFG-06; schema/idempotency and synthetic upload tests no."
"BL-TMT-03","Review and publish 3MT qualification outcomes independently","14-3mt.md","Planned.","TMT-01, TMT-02, ROL-04, REV-01, REV-07, AT-12.","BL-TMT-02; BL-REV-02 and BL-REV-05 shared security/publication patterns; approved 3MT rubric/stages.","REL-04 approved 3MT qualification/review settings and REL-06 anonymity/publication evidence.","Full-stack engineer with 3MT/scientific lead and security QA.","Live review/qualification yes, CFG-06; reusable gated review/publication infrastructure no."
"BL-TMT-04","Receive final 3MT material through an authorized request","14-3mt.md","Planned; live final collection closed.","TMT-01, TMT-02, SEC-03, TIM-02, REL-04.","BL-TMT-03; shared private-upload foundation; [DR-CFG-06](DECISION_REQUIRED.md#dr-cfg-06).","REL-04 configured 3MT final-material stage and private-file acceptance evidence.","Full-stack/security engineer with 3MT lead.","Live final materials yes, CFG-06; private request/version boundary no."
"BL-TMT-05","Collect separate 3MT event scorecards under approved rules","14-3mt.md","Planned; live event scoring closed.","TMT-02, ROL-06, ROL-12, REL-05.","BL-TMT-04; BL-REV-08 shared event-score infrastructure; [DR-CFG-06](DECISION_REQUIRED.md#dr-cfg-06).","REL-05 approved 3MT rules/judges/rubric/ties and trained-device rehearsal.","3MT/judging lead with full-stack engineer and QA.","Live event judging yes, CFG-06; track adapter using synthetic settings no."
"BL-TMT-06","Release approved 3MT results and certificate evidence","14-3mt.md","Planned; result/certificate gates closed.","TMT-02, CRT-03, REV-07, REL-05.","BL-TMT-05; approved evidence capture and publication service; [DR-CFG-06](DECISION_REQUIRED.md#dr-cfg-06), [DR-CFG-08](DECISION_REQUIRED.md#dr-cfg-08).","REL-05 approved 3MT result/evidence rules; independent role/competition certificate approval remains required.","3MT/event lead with full-stack/privacy engineer.","Live results and certificate rules yes, CFG-06/CFG-08; bounded publication/evidence integration no."
"BL-PGM-01","Edit a structured multi-day and parallel-session program","15-program.md","Planned; current homepage preview is not completion evidence.","PRG-01, CMS-01, CMS-02, CMS-03, TIM-01.","BL-CMS-01; BL-AUTH-01; approved actual dates/venue/program content; [DR-CFG-01](DECISION_REQUIRED.md#dr-cfg-01), [DR-CFG-12](DECISION_REQUIRED.md#dr-cfg-12).","REL-01 approved public content; REL-05 actual program/room correctness before event use.","Full-stack engineer with program/content lead.","Live content yes, CFG-01/CFG-12; synthetic schedule model and secured editing no after identity foundation."
"BL-PGM-02","Publish accessible day/category/room filtering","15-program.md","Planned.","PRG-01, SCP-02, SCP-05, LOC-01, ACC-01.","BL-PGM-01; public design primitives and approved content.","REL-01 approved bilingual content/accessibility; REL-05 current schedule when used during event.","Frontend/full-stack engineer with content and accessibility QA.","Technical filtering no; publishing actual schedule yes, CFG-01/CFG-12."
"BL-PGM-03","Publish schedule changes with affected-participant reconciliation","15-program.md","Planned.","PRG-01, WKS-07, EML-01, EML-03, EML-04, REL-05.","BL-PGM-01; workshop conflict/reconciliation service; durable email foundation; actual assignment/booking records.","REL-05 program/event readiness and REL-02 booking-change rules where workshops are affected.","Full-stack engineer with program/workshop/event operations owners.","Synthetic change pipeline no; live schedule/booking handling and sender yes, CFG-01/CFG-07/CFG-10/CFG-12."
"BL-CHK-01","Issue, retrieve, reissue and revoke opaque admission credentials","16-qr-check-in.md","Planned; required before registration launch.","CHK-01, REG-07, ROL-02, DAT-03, DAT-04, SEC-01, AT-03","BL-REG-02 approval/allocation contract; BL-PAY-04 financial evidence; BL-SEC-01; agreed confirmation-event schema. Build with synthetic confirmed entitlements before registration producer integration.","REL-02, REL-06, AT-03; BL-REG-04 confirmation producer integration must pass before live ticket issuance.","Backend/security engineer with registration lead.","Synthetic lifecycle unblocked; live issuing inherits CFG-01/02 and approved revocation consequences."
"BL-CHK-02","Provide an accessible assigned-entry scanning interface","16-qr-check-in.md","Planned.","CHK-02, ROL-08, ROL-12, ACC-01, LOC-01, SEC-01","BL-CHK-01, BL-CHK-03; BL-AUTH-01 with MFA; assigned entry points/activities from event operations.","REL-05, REL-06; device and staff rehearsal required.","Frontend/accessibility engineer with check-in operations lead.","Synthetic UI unblocked; event deployment blocked by CFG-01/08/11 assignment/device/procedure decisions."
"BL-CHK-03","Record scans atomically against current entitlement and activity","16-qr-check-in.md","Planned.","CHK-02, CHK-03, CHK-04, API-02, DAT-04, ROL-08, AT-13","BL-CHK-01; BL-ATT-01 evidence schema; staff assignment/MFA; configured event dates and activity definitions.","REL-05, REL-06; AT-13 passing.","Backend/database engineer with security and check-in leads.","Core synthetic service unblocked; live date/activity configuration and outage boundary blocked by CFG-01/08."
"BL-CHK-04","Rehearse a minimal controlled outage fallback","16-qr-check-in.md","Planned; outage procedure not approved.","CHK-05, CHK-04, ROL-08, PRV-03, SEC-07, REL-05, AT-13","BL-CHK-01, BL-CHK-03; BL-ATT-03 correction service; [DR-CFG-08](DECISION_REQUIRED.md#dr-cfg-08), privacy/operations approval and incident owner.","REL-05, REL-06; rehearsed approved fallback required before event.","Operations engineer with check-in, security and privacy leads.","Reconciliation fixtures unblocked; actual fallback behavior blocked by CFG-08/09 approval."
"BL-ATT-01","Define immutable daily/activity evidence and readiness queries","17-attendance.md","Planned.","CHK-03, CHK-04, DAT-03, DAT-04, CRT-01, SCP-07, TIM-01","BL-SEC-01; registration/ticket identifiers; [DR-CFG-01](DECISION_REQUIRED.md#dr-cfg-01) dates; [DR-CFG-09](DECISION_REQUIRED.md#dr-cfg-09) retention.","REL-05/06; approved collection/retention design before real attendance data.","Database/backend engineer with operations and privacy leads.","A1 evidence implementation unblocked; live dates/retention require CFG-01/09, not a new attendance threshold."
"BL-ATT-02","Record authorized workshop completion independently of check-in","17-attendance.md","Planned.","CHK-03, CRT-01, DAT-03, API-01, ROL-07, CFG-08","BL-ATT-01; BL-WKS-03; BL-CHK-03; [DR-CFG-08](DECISION_REQUIRED.md#dr-cfg-08) sign-off authority/procedure.","REL-05/06; named sign-off owner and procedure approved.","Full-stack engineer with workshop operations lead.","Schema and denied-access tests unblocked; actual sign-off validation/procedure blocked by CFG-08."
"BL-ATT-03","Correct attendance with preserved history and scoped live counts","17-attendance.md","Planned.","CHK-04, CHK-05, ADM-01, ADM-04, ROL-07, ROL-08, AT-13","BL-ATT-01, BL-ATT-02; BL-AUTH-01; approved correction authority/procedure in [DR-CFG-08](DECISION_REQUIRED.md#dr-cfg-08).","REL-05/06; correction/outage rehearsal and authorization approved.","Backend/full-stack engineer with operations lead.","Synthetic correction mechanics unblocked; live correction authority and notification procedure blocked by CFG-08."
"BL-SRV-01","Prove an approved S2 unlinking and retry design","18-surveys.md","Planned; technical unlinking method awaiting approval.","CRT-02, DAT-03, API-01, PRV-02, PRV-03, PRV-05, ADM-05, AT-14","BL-SEC-01; privacy retention/data-flow work; [DR-CFG-08](DECISION_REQUIRED.md#dr-cfg-08), [DR-CFG-09](DECISION_REQUIRED.md#dr-cfg-09).","REL-05, REL-06; recorded S2 method/retention approval before surveys enable.","Privacy/security engineer with technical and survey owners.","Design/proof investigation unblocked; production method adoption blocked by CFG-08/09 approval."
"BL-SRV-02","Configure and render approved bilingual questionnaires","18-surveys.md","Planned; question sets and deadlines unresolved.","CRT-02, CRT-01, CMS-04, TIM-01, ACC-01, LOC-01","BL-SRV-01; survey-owner authorization; [DR-CFG-08](DECISION_REQUIRED.md#dr-cfg-08), [DR-CFG-09](DECISION_REQUIRED.md#dr-cfg-09); support route.","REL-05/06; approved questions, windows, retention and S2 method.","Full-stack/accessibility engineer with survey/privacy owners.","Synthetic form shell unblocked; actual questionnaire and production windows blocked by CFG-08/09."
"BL-SRV-03","Durably accept unlinked feedback and separate completion evidence","18-surveys.md","Planned; depends on approved BL-SRV-01 method.","CRT-02, DAT-03, API-01, API-02, API-03, ERR-02, AT-14","BL-SRV-01 approved method; BL-SRV-02; participant verification; durable job/recovery infrastructure and privacy retention policy.","REL-05/06, AT-14; approved method plus executed unlinking/failure evidence.","Backend/database engineer with independent privacy/security review.","Full implementation depends on CFG-08/09 method approval; synthetic contract tests and fixtures may proceed."
"BL-CRT-01","Calculate ordinary eligibility from independent evidence","19-certificates.md","Planned.","CRT-01, CRT-03, CHK-03, DAT-03, SCP-07, AT-14","BL-ATT-01, BL-ATT-02, BL-ATT-03; BL-WKS-03; BL-SRV-03; retention decisions [DR-CFG-09](DECISION_REQUIRED.md#dr-cfg-09).","REL-05/06, AT-14; ordinary criteria are confirmed, not an unresolved threshold.","Backend engineer with certificate/operations owner.","Ordinary evaluator unblocked; production evidence availability/retention remain gated. Separate role/competition adapters are BL-CRT-06, BL-CRT-07, BL-CRT-08, BL-CRT-09, BL-CRT-10 and BL-CRT-11."
"BL-CRT-02","Prepare approved versioned templates and private generation","19-certificates.md","Planned; final templates/signatures pending.","CRT-03, CRT-04, CRT-06, SEC-03, SEC-05, API-03","BL-CRT-01; private storage/durable jobs; [DR-CFG-08](DECISION_REQUIRED.md#dr-cfg-08), [DR-CFG-12](DECISION_REQUIRED.md#dr-cfg-12).","REL-05/06; approved templates/signatures and private-delivery/retention configuration.","Full-stack/document-generation engineer with certificate approver.","Synthetic renderer unblocked; live templates/signatures/language and retention blocked by CFG-08/09/12."
"BL-CRT-03","Release approved batches through durable issuance and email","19-certificates.md","Planned.","CRT-04, API-02, API-03, EML-03, EML-04, ADM-04, AT-14","BL-CRT-01, BL-CRT-02, BL-CRT-04; durable email and private delivery; release authority from [DR-CFG-08](DECISION_REQUIRED.md#dr-cfg-08).","REL-05/06, AT-14; approved release authority, sender and correction/revocation path.","Backend/full-stack engineer with certificate operations owner.","Synthetic pipeline unblocked; live release blocked by CFG-08/09/10."
"BL-CRT-04","Verify one certificate publicly without creating a directory","19-certificates.md","Planned.","CRT-05, CRT-06, SCP-05, PRV-03, PRV-05, DAT-04, SEC-01","BL-CRT-02; agreed issued/revoked/replaced certificate record contract with synthetic fixtures; [DR-CFG-09](DECISION_REQUIRED.md#dr-cfg-09) verification fields/retention and privacy notice. Build lookup before the batch issuance producer.","REL-05/06; BL-CRT-03 issuance integration, approved minimal verification retention and privacy disclosure before live exposure.","Full-stack/security engineer with privacy/certificate owner.","Synthetic endpoint unblocked; live exposure/retention blocked by CFG-09."
"BL-CRT-05","Correct names, revoke and reissue with protected delivery","19-certificates.md","Planned.","CRT-06, CRT-04, PRV-04, ADM-04, API-02, SEC-05","BL-CRT-03, BL-CRT-04; verified support/privacy request process; [DR-CFG-08](DECISION_REQUIRED.md#dr-cfg-08), [DR-CFG-09](DECISION_REQUIRED.md#dr-cfg-09).","REL-05/06; approved correction authority, retention and tested revocation.","Full-stack engineer with certificate/privacy owner.","Synthetic lifecycle unblocked; live procedure and delivery/verification retention blocked by CFG-08/09."
"BL-CRT-06","Add the approved research-presenter certificate evidence rule","19-certificates.md","Planned; pathway evidence approval pending.","CRT-03, ABS-08, REV-10, REL-05","BL-CRT-01, BL-CRT-02, BL-CRT-03; verified presentation evidence; [DR-CFG-04](DECISION_REQUIRED.md#dr-cfg-04), [DR-CFG-08](DECISION_REQUIRED.md#dr-cfg-08).","REL-05/06; presenter evidence/template/release approval.","Backend engineer with scientific/certificate owner.","Concrete adapter blocked by CFG-04/08 evidence approval; closed gate can be prepared independently."
"BL-CRT-07","Add the approved reviewer certificate evidence rule","19-certificates.md","Planned; qualifying reviewer evidence pending.","CRT-03, ROL-03, ROL-04, REV-03, REL-05","BL-CRT-01, BL-CRT-02, BL-CRT-03; completed-review evidence; [DR-CFG-08](DECISION_REQUIRED.md#dr-cfg-08).","REL-05/06; approved reviewer rule/template/release authority.","Backend engineer with scientific/certificate owner.","Evidence adapter blocked by CFG-08 rule; no qualifying count inferred."
"BL-CRT-08","Add the approved speaker certificate evidence rule","19-certificates.md","Planned; speaker evidence approval pending.","CRT-03, CRT-06, CMS-03, REL-05","BL-CRT-02, BL-CRT-03, BL-CRT-05; approved program/speaker evidence; [DR-CFG-08](DECISION_REQUIRED.md#dr-cfg-08).","REL-05/06; speaker evidence/template and delivery retention approval.","Backend engineer with program/certificate/privacy owner.","Concrete evidence rule blocked by CFG-08; private retention/delivery approvals remain CFG-09."
"BL-CRT-09","Add the approved organizer certificate evidence rule","19-certificates.md","Planned; organizer service evidence unresolved.","CRT-03, ROL-10, ROL-12, REL-05","BL-CRT-01, BL-CRT-02, BL-CRT-03; verified organizer service record; [DR-CFG-08](DECISION_REQUIRED.md#dr-cfg-08), [DR-CFG-11](DECISION_REQUIRED.md#dr-cfg-11).","REL-05/06; approved organizer evidence/template/release authority.","Backend engineer with leadership/certificate owner.","Adapter blocked by CFG-08/11 evidence and authority decisions."
"BL-CRT-10","Add the approved hackathon certificate evidence rule","19-certificates.md","Planned; hackathon certificate conditions unresolved.","CRT-03, HAC-08, HAC-11, REL-05","BL-CRT-01, BL-CRT-02, BL-CRT-03; hackathon participant evidence; [DR-CFG-05](DECISION_REQUIRED.md#dr-cfg-05), [DR-CFG-08](DECISION_REQUIRED.md#dr-cfg-08).","REL-05/06; explicit hackathon certificate evidence/template approval.","Backend engineer with hackathon/certificate owner.","Concrete rule adapter blocked by CFG-05/08; no draft condition promoted by inference."
"BL-CRT-11","Add the approved 3MT certificate evidence rule","19-certificates.md","Planned; 3MT certificate conditions unresolved.","CRT-03, TMT-01, TMT-02, REL-05","BL-CRT-01, BL-CRT-02, BL-CRT-03; 3MT evidence contract; [DR-CFG-06](DECISION_REQUIRED.md#dr-cfg-06), [DR-CFG-08](DECISION_REQUIRED.md#dr-cfg-08).","REL-05/06; independent 3MT evidence/template approval.","Backend engineer with 3MT/certificate owner.","Concrete adapter blocked by CFG-06/08; competition name does not resolve policy."
"BL-RPT-01","Add scoped dashboard/search query boundaries","20-reporting.md","Planned; populated projections depend on each module.","ADM-01, ADM-02, ROL-01, ROL-07, ROL-08, ROL-09, SCP-05, SEC-02","BL-AUTH-01; BL-SEC-01; BL-REG-01 first projection; domain services for subsequent projections.","Applicable module REL gate and REL-06; no dashboard grants implied by generic administrator label.","Full-stack/database engineer with each operational owner.","Synthetic first projection unblocked; future domain data/role assignments depend on module configuration, not invented reporting permissions."
"BL-RPT-02","Generate protected CSV/Excel exports with explicit personal-data authority","20-reporting.md","Planned.","ADM-03, ROL-10, DAT-04, API-03, SEC-05, PRV-03, AT-17","BL-RPT-01; durable jobs/private storage; BL-AUTH-01; privacy export/retention policy from [DR-CFG-09](DECISION_REQUIRED.md#dr-cfg-09).","Relevant module gate, REL-06 and privacy export/retention approval.","Backend/security engineer with privacy/operations owner.","Synthetic engine unblocked; real export purpose/fields/retention and role grants require CFG-09/11."
"BL-RPT-03","Inspect immutable consequential-action audit records","20-reporting.md","Planned.","ADM-04, ADM-05, ROL-10, ROL-12, API-01, SEC-06","BL-AUTH-01; BL-SEC-01; BL-REG-02 first action; privacy/log retention policy and privileged audit access.","REL-06 with each consequential feature; retention/access configuration before real data.","Backend/security engineer with accountable Super Admin/privacy owner.","Synthetic contract unblocked; named custodians and log retention/access policy require CFG-09/11."
"BL-RPT-04","Publish approved non-identifying final conference statistics","20-reporting.md","Planned.","ADM-03, ARC-01, PRV-05, PRV-06, CRT-02, CMS-04","BL-RPT-01, BL-RPT-02; relevant final domain states; archive publication workflow; [DR-CFG-09](DECISION_REQUIRED.md#dr-cfg-09), [DR-CFG-12](DECISION_REQUIRED.md#dr-cfg-12).","Archive/public-content approval plus REL-06; retention/aggregation policy approved.","Data/full-stack engineer with reporting/privacy/content owners.","Synthetic aggregation unblocked; public fields/aggregation privacy rules/final content blocked by CFG-09/12."
"BL-SEC-01","Define the server and RLS authorization contract","21-privacy-security.md","Planned; M1 synthetic-table policies do not establish operational permissions.","ROL-01, ROL-02, ROL-03, ROL-04, ROL-05, ROL-06, ROL-07, ROL-08, ROL-09, ROL-10, ROL-11, ROL-12, SEC-01, SEC-02, AT-02.","Foundation schema/test harness; staff and participant identity contracts from authentication.","M4 prerequisite; REL-06 for each sensitive feature.","Security engineer with domain owner review.","No for synthetic contract work; named production staff and grants require [DR-CFG-11](DECISION_REQUIRED.md#dr-cfg-11)."
"BL-SEC-02","Protect the first authenticated mutation boundary","21-privacy-security.md","Planned; existing closed flags are not a full authenticated mutation defense.","SEC-01, API-01, API-02, ERR-01, ERR-02, ACC-01, AT-02.","BL-SEC-01; authentication profile mutation; foundation safe-error contract.","Before first production mutation; REL-06.","Full-stack engineer with security review.","No for reusable synthetic implementation; privacy-approved production fields require [DR-CFG-09](DECISION_REQUIRED.md#dr-cfg-09)."
"BL-SEC-03","Quarantine and scan one private upload class","21-privacy-security.md","Planned.","SEC-03, SEC-04, ABS-09, ABS-14, API-03, AT-08.","BL-SEC-01; durable jobs foundation; abstract attachment/version record; private storage configuration.","REL-03 uploads; apply adapted controls before other private uploads.","Backend/security engineer.","Synthetic adapter unblocked; live scanning requires [DR-CFG-10](DECISION_REQUIRED.md#dr-cfg-10), stage details [DR-CFG-03](DECISION_REQUIRED.md#dr-cfg-03)."
"BL-SEC-04","Issue expiring private file access after authorization","21-privacy-security.md","Planned.","SEC-02, SEC-05, ROL-03, ROL-04, ROL-11, ROL-12, PRV-03, AT-02.","BL-SEC-01; BL-SEC-03; authentication session/MFA enforcement.","Before any sensitive file delivery; REL-03 and REL-06.","Backend/security engineer.","No for synthetic implementation; actual storage/location approvals require [DR-CFG-10](DECISION_REQUIRED.md#dr-cfg-10)."
"BL-SEC-05","Version privacy notices and separate consent purposes","21-privacy-security.md","Planned; public draft text is not a finalized privacy notice.","PRV-01, PRV-02, PRV-03, PRV-08, MED-02, MED-03, DAT-01, AT-15.","BL-SEC-01; authentication identity; CMS controlled publication; approved privacy content.","REL-01 notices; production collection gate PRV-01/02.","Privacy owner with full-stack/content engineers.","Production publication requires [DR-CFG-09](DECISION_REQUIRED.md#dr-cfg-09) and media assets/policy in [DR-CFG-12](DECISION_REQUIRED.md#dr-cfg-12); synthetic ledger work unblocked."
"BL-SEC-06","Process one verified privacy request end to end","21-privacy-security.md","Planned.","PRV-04, AUTH-07, PRV-05, DAT-01, ROL-10, AT-17.","BL-SEC-01; BL-SEC-05; support contact route; approved request/retention handling.","Before production data collection; AT-17 and REL-06.","Privacy operations owner with backend engineer.","Live request policy and named handler require [DR-CFG-09](DECISION_REQUIRED.md#dr-cfg-09); synthetic workflow unblocked."
"BL-SEC-07","Build a retention inventory and dry-run planner","21-privacy-security.md","Planned.","PRV-05, PRV-06, AUTH-08, CRT-05, CRT-06, DAT-04, AT-17.","BL-SEC-01; approved privacy retention decisions; domain record inventories; conference-end configuration.","Catalog approved before collection; dry-run evidence before BL-SEC-08 activation.","Privacy owner and data engineer.","Catalog schema/fixtures unblocked; live decisions require [DR-CFG-09](DECISION_REQUIRED.md#dr-cfg-09)."
"BL-SEC-08","Execute approved cleanup with restore suppression evidence","21-privacy-security.md","Planned.","PRV-06, DAT-04, API-03, INF-06, AT-17.","BL-SEC-07; BL-DEP-04; approved minimal suppression-record fields/access/lifetime; durable jobs.","AT-17 before cleanup activation; REL-06.","Data/backend engineer with privacy approval.","Synthetic work unblocked; destructive live schedule/fields require [DR-CFG-09](DECISION_REQUIRED.md#dr-cfg-09), backup method [DR-CFG-10](DECISION_REQUIRED.md#dr-cfg-10)."
"BL-SEC-09","Record processing locations and provider approval evidence","21-privacy-security.md","Planned; managed providers selected, plans/regions unverified.","PRV-01, PRV-07, INF-01, INF-02, CFG-09, CFG-10.","Governance controller/authorization evidence; selected integration designs; [DR-CFG-09](DECISION_REQUIRED.md#dr-cfg-09), [DR-CFG-10](DECISION_REQUIRED.md#dr-cfg-10).","INF-02/PRV-07 before provisioning/processing; relevant REL gate for activation.","Technical owner and privacy/governance owner.","Evidence-gathering unblocked; approval and provisioning blocked by the linked decisions."
"BL-SEC-10","Rehearse incident containment and evidence handling","21-privacy-security.md","Planned.","SEC-06, SEC-07, ROL-12, INF-08, REL-06, AT-18.","BL-SEC-01; BL-DEP-03; BL-DEP-05; named response/privacy coverage and approved communication route.","Minimum response runbook before every live REL gate; full handover updates it later.","Security/operations engineer with privacy owner.","Synthetic exercise unblocked; live coverage/notice decisions require [DR-CFG-09](DECISION_REQUIRED.md#dr-cfg-09), [DR-CFG-11](DECISION_REQUIRED.md#dr-cfg-11)."
"BL-TST-01","Make the acceptance inventory executable","22-testing.md","Partial foundation: application and isolated database jobs passed in PR CI 36734074148 at 9e018ae; operational identity/policy cases remain pending and optional Windows database replay is unverified.","AT-01, AT-02, AT-12, REL-06, SEC-02, ROL-12, AUTH-01, AUTH-04.","Authentication slices; BL-SEC-01; working local Supabase/container runner or approved CI runner.","REL-06 continuously; identity prerequisites before each operational opening.","QA/full-stack engineer.","Local identity tests unblocked once code/runtime exists; production staff/assurance configuration requires [DR-CFG-11](DECISION_REQUIRED.md#dr-cfg-11)."
"BL-TST-02","Verify the human scientific review release journey","22-testing.md","Planned; scientific operational code not verified.","AT-07, AT-08, AT-09, AT-10, AT-11, REV-08, REL-03, ERR-02.","Abstract, review/decision and email slices; BL-SEC-03; BL-SEC-04; synthetic configured test rubric explicitly labeled as fixture.","REL-03; test configuration is not scientific approval.","QA engineer with scientific lead.","Synthetic journey unblocked after feature slices; live stage acceptance requires [DR-CFG-03](DECISION_REQUIRED.md#dr-cfg-03), awards [DR-CFG-04](DECISION_REQUIRED.md#dr-cfg-04)."
"BL-TST-03","Race the final seat through approval and reconciliation","22-testing.md","Planned; operational registration/payment/workshops absent.","AT-03, AT-04, AT-05, AT-06, REL-02, API-02, ERR-02.","Registration, payment, workshop/waitlist and ticket issuance slices; database test runner; mock adapter and approved-contract test harness.","REL-02 and valid-ticket gate before real money/admission.","QA/backend engineer with Finance and operations.","Synthetic races unblocked after slices; actual contract/configuration tests require [DR-CFG-01](DECISION_REQUIRED.md#dr-cfg-01), [DR-CFG-02](DECISION_REQUIRED.md#dr-cfg-02), [DR-CFG-07](DECISION_REQUIRED.md#dr-cfg-07)."
"BL-TST-04","Verify attendance, feedback unlinking and certificate release","22-testing.md","Planned.","AT-13, AT-14, CRT-01, CRT-02, CRT-03, CRT-04, CRT-05, CRT-06, CHK-05, REL-05.","Check-in, attendance, survey and certificate slices; approved S2 unlinking design; event outage procedure.","REL-05 event and certificate gates separately; attendance criteria are confirmed, not TBD.","QA/security engineer with operations and privacy owners.","Synthetic eligibility cases unblocked; live survey/privacy/outage/template decisions require [DR-CFG-08](DECISION_REQUIRED.md#dr-cfg-08), [DR-CFG-09](DECISION_REQUIRED.md#dr-cfg-09)."
"BL-TST-05","Record bilingual accessibility acceptance for one release slice","22-testing.md","Partial: local homepage/About/design-system Chromium and axe evidence exists; broader browsers, real devices and screen-reader acceptance remain untested.","LOC-01, LOC-02, LOC-03, ACC-01, DSN-01, DSN-02, MED-03, AT-15, REL-01, REL-06.","Implemented release slice; approved translations/content; design-system focus/status primitives.","REL-01 and REL-06 for every opened slice.","Accessibility-focused QA/UI engineer with Arabic content reviewer.","Existing preview audit unblocked; final brand/assets/translations require [DR-CFG-12](DECISION_REQUIRED.md#dr-cfg-12)."
"BL-TST-06","Measure load, queue failure and deadline boundaries","22-testing.md","Planned; no measured production load or provider-quota evidence.","NFR-01, NFR-02, NFR-03, TIM-01, TIM-02, ERR-01, ERR-02, EML-05, API-03, AT-16.","Implemented target flow; staging isolation; durable jobs; approved test conditions/quotas and fake external services.","AT-16 and relevant REL gate; critical windows forbid planned maintenance under NFR-03.","Performance/backend engineer and technical operations owner.","Local profiles unblocked; staging quotas/budget/conditions and actual peak settings require [DR-CFG-10](DECISION_REQUIRED.md#dr-cfg-10), [DR-CFG-07](DECISION_REQUIRED.md#dr-cfg-07), [DR-CFG-05](DECISION_REQUIRED.md#dr-cfg-05)."
"BL-TST-07","Restore isolated database and objects with reconciliation","22-testing.md","Planned; no executed backup/restore evidence and local database runtime blocked on inspected host.","AT-17, AT-18, INF-05, INF-06, INF-07, PRV-06, SEC-07, REL-06.","BL-DEP-04; BL-SEC-08; release rollback plan; approved recovery environment and file targets.","Before REL-01 and before critical operational releases; repeat after material recovery changes.","SRE/data engineer with domain/privacy owners.","Synthetic local rehearsal unblocked when runtime exists; provider plan/file targets/custodians require [DR-CFG-10](DECISION_REQUIRED.md#dr-cfg-10), [DR-CFG-11](DECISION_REQUIRED.md#dr-cfg-11)."
"BL-DEP-01","Validate separated environment configuration","23-deployment.md","Partial: guarded local/hosted configuration and public production deployment exist; one Preview denies unauthenticated access, but authenticated showcase, provider settings and full environment/data separation remain unverified.","INF-01, INF-02, INF-04, SEC-06, PRV-07, AT-18.","Foundation configuration; BL-SEC-09; organizational provider ownership approval.","Before any remote preview with sensitive functionality; INF-04 and REL-06.","Platform/full-stack engineer.","Local schema/guards unblocked; provider environment creation requires [DR-CFG-10](DECISION_REQUIRED.md#dr-cfg-10), [DR-CFG-11](DECISION_REQUIRED.md#dr-cfg-11)."
"BL-DEP-02","Run reviewed pull requests and protected preview CI","23-deployment.md","Partial: private GitHub remote, merged PRs and successful PR CI 36734074148 at 9e018ae verified; separate main run cancelled. Branch API reports protected=false, not a full ruleset audit; required merge-check enforcement and organizational custody remain unverified.","INF-03, INF-04, INF-05, SEC-06, REL-06, AT-18.","BL-DEP-01; foundation CI definition; approved organizational repository/preview access; usable container runner for database tests.","INF-05; required before first production deployment.","Platform engineer and organizational repository custodian.","Local CI maintenance unblocked; hosted setup requires [DR-CFG-11](DECISION_REQUIRED.md#dr-cfg-11), provider plan/access [DR-CFG-10](DECISION_REQUIRED.md#dr-cfg-10)."
"BL-DEP-03","Manage secrets and redact operational diagnostics","23-deployment.md","Partial: safe example environment documentation exists; production secret custody and diagnostic redaction not verified.","SEC-06, SEC-02, PRV-03, PRV-06, CRT-02, INF-04, AT-18.","BL-DEP-01; BL-SEC-01; BL-SEC-09; approved logging retention policy.","Before remote sensitive previews and every production integration; SEC-06 and REL-06.","Platform/security engineer.","Synthetic redaction and runbook unblocked; actual custody/providers/log retention require [DR-CFG-09](DECISION_REQUIRED.md#dr-cfg-09), [DR-CFG-10](DECISION_REQUIRED.md#dr-cfg-10), [DR-CFG-11](DECISION_REQUIRED.md#dr-cfg-11)."
"BL-DEP-04","Back up database records and storage objects separately","23-deployment.md","Planned; no tested database or object backup exists in current evidence.","INF-06, INF-07, PRV-06, SEC-07, AT-17.","BL-DEP-01; BL-DEP-03; BL-SEC-07; approved plan/storage and file recovery policy.","REL-01 backup requirement and critical operational release gates; configuration alone is insufficient.","SRE/data engineer with privacy review.","Synthetic process design unblocked; approved provider plan, backup location, budget and file targets require [DR-CFG-10](DECISION_REQUIRED.md#dr-cfg-10), retention [DR-CFG-09](DECISION_REQUIRED.md#dr-cfg-09)."
"BL-DEP-05","Route actionable monitoring failures to named owners","23-deployment.md","Planned; no running external monitoring or incident coverage verified.","INF-08, NFR-03, API-03, EML-03, EML-05, SEC-07, REL-06.","BL-DEP-03; durable jobs; approved monitoring/email provider; named primary/backup coverage.","Minimal monitoring before REL-01; domain alerts before each operational REL gate.","SRE/backend engineer with operational owners.","Local fake monitoring unblocked; provider thresholds/quotas/budget and response ownership require [DR-CFG-10](DECISION_REQUIRED.md#dr-cfg-10), [DR-CFG-11](DECISION_REQUIRED.md#dr-cfg-11)."
"BL-DEP-06","Package a release with reversible migration evidence","23-deployment.md","Partial evidence: production deployment 6762942669 succeeded at 9e018ae and public route checks passed; complete gate approval, monitoring and tested recovery evidence remain outstanding.","INF-05, REL-01, REL-02, REL-03, REL-04, REL-05, REL-06, DAT-04, AT-18.","BL-DEP-01, BL-DEP-02, BL-DEP-04, BL-DEP-05; corresponding feature tests/UAT and exact gate decisions.","INF-05 and each REL gate independently.","Release/platform engineer with accountable domain approver.","Manifest/rehearsal unblocked with synthetic data; live opening requires applicable DR-CFG decisions and [DR-CFG-11](DECISION_REQUIRED.md#dr-cfg-11) approver."
"BL-DEP-07","Isolate public caching and protect critical windows","23-deployment.md","Partial public static foundation; authenticated cache boundaries and operational window procedures pending.","NFR-02, NFR-03, TIM-01, INF-08, SEC-01, AT-16.","BL-DEP-01; authenticated routes when available; audited deadline configuration; BL-TST-06 performance method.","REL-01 for public delivery; relevant operational gate for private responses/windows.","Frontend/platform engineer and operations owner.","Synthetic cache tests unblocked; final windows require relevant event/deadline decisions, measurement/budget [DR-CFG-10](DECISION_REQUIRED.md#dr-cfg-10)."
"BL-DEP-08","Integrate the approved transactional sender and verify delivery","23-deployment.md","Planned; console/test outbox work does not establish a functioning live sender.","EML-01, EML-02, EML-03, EML-04, EML-05, INF-03, INF-04, SEC-06, LOC-03, REL-01, REL-02.","BL-FND-05; BL-DEP-01; BL-DEP-03; BL-SEC-09; approved provider contract, sender/DNS custody and delivery target.","EML-02/04 before any live email-dependent flow; corresponding REL gate controls actual activation.","Platform/email engineer with organizational domain custodian and operations owner.","Console fixtures and adapter contract scaffold unblocked; real provider integration, DNS configuration and activation require [DR-CFG-10](DECISION_REQUIRED.md#dr-cfg-10), [DR-CFG-11](DECISION_REQUIRED.md#dr-cfg-11) and privacy approval [DR-CFG-09](DECISION_REQUIRED.md#dr-cfg-09)."
"BL-HND-01","Deliver a reproducible technical runbook for the opened slice","24-handover.md","Partial: local README and progress evidence exist; production runbooks cannot yet describe an unprovisioned service.","INF-05, INF-08, REL-06, AT-18.","Implemented slice and verification evidence; BL-DEP-06 release manifest; relevant domain owner.","Minimum package before each live REL gate; complete consolidated technical handover at M11.","Technical lead with independent receiving engineer.","Local runbook improvement unblocked; named recipients and remote access require [DR-CFG-11](DECISION_REQUIRED.md#dr-cfg-11)."
"BL-HND-02","Rehearse staff operations on synthetic event records","24-handover.md","Planned; actual staff identities, devices and procedures not verified.","ROL-07, ROL-08, ROL-12, CHK-02, CHK-04, CHK-05, REL-02, REL-05, AT-13.","Check-in/attendance slices; approved sign-off/outage procedure; BL-SEC-01; named operational coverage.","REL-05 event opening; first training plan exists before operational rollout, not merely M11.","Conference operations lead with QA/training engineer.","Synthetic materials unblocked; staff, sign-off and outage approvals require [DR-CFG-08](DECISION_REQUIRED.md#dr-cfg-08), [DR-CFG-11](DECISION_REQUIRED.md#dr-cfg-11)."
"BL-HND-03","Verify organizational custody and annual access transfer","24-handover.md","Planned; domain purchase reported, current control/renewal evidence and remote service ownership unverified.","INF-03, INF-05, SEC-06, ROL-10, ROL-12, CFG-11, AT-18.","Governance authorization evidence; BL-DEP-03; approved service inventory; actual custodian appointments.","O1 custody evidence before production deployment; repeat on personnel change and annual handover.","Organizational custodian with technical/security owner.","Checklist unblocked; actual transfer/sign-off requires [DR-CFG-11](DECISION_REQUIRED.md#dr-cfg-11), provider plans/access [DR-CFG-10](DECISION_REQUIRED.md#dr-cfg-10)."
"BL-HND-04","Close the edition with approved archive and acceptance evidence","24-handover.md","Planned; no live edition or archive policy implementation exists.","SCP-07, INF-05, PRV-05, PRV-06, PRV-08, REL-06, AT-18, CFG-12.","BL-HND-01; BL-HND-03; public archive/content slice; BL-SEC-07, BL-SEC-08; certificate verification retention approval.","M11 handover and approved edition closure; prerequisites for collection/launch are completed earlier.","Product/technical handover lead with organizational and privacy owners.","Acceptance template unblocked; archive continuity/assets and retention decisions require [DR-CFG-12](DECISION_REQUIRED.md#dr-cfg-12), [DR-CFG-09](DECISION_REQUIRED.md#dr-cfg-09), custody [DR-CFG-11](DECISION_REQUIRED.md#dr-cfg-11)."
"BL-HND-05","Rehearse a separately isolated next edition","24-handover.md","Planned; no future-edition environment or data transfer has been established.","ARC-02, ARC-01, INF-03, INF-04, INF-05, PRV-05, PRV-06, CRT-05, CRT-06, AT-18.","BL-DEP-01; BL-DEP-03; BL-HND-01; separate-edition configuration contract; approved continuity/custody decisions before any live transition.","M11 annual handover preparation; live future-edition provisioning/launch requires its own approved configuration and applicable REL gates.","Platform/handover engineer with organizational custodian and privacy owner.","Synthetic isolated rehearsal unblocked once local runtime supports separate stores; real resources, continuity, retention and ownership require [DR-CFG-10](DECISION_REQUIRED.md#dr-cfg-10), [DR-CFG-11](DECISION_REQUIRED.md#dr-cfg-11), [DR-CFG-12](DECISION_REQUIRED.md#dr-cfg-12), [DR-CFG-09](DECISION_REQUIRED.md#dr-cfg-09)."
"DR-CFG-01","Approve event and admission operating inputs","DECISION_REQUIRED.md","Decision Required — open; no new organizer approval recorded.","CFG-01, REG-05, REG-06.","Named accountable approver; relevant source/contract/policy evidence; [current decision register](../DECISIONS.md). Coordinate related CFG packets without silently deciding them.","Registration opening; approved date/venue publication as applicable.","Conference leadership; product/technical owner coordinates implementation.","Yes for closure and affected live stages. Evidence gathering, documentation and independent synthetic implementation remain unblocked."
"DR-CFG-02","Confirm the authorized KAU collection and financial contract","DECISION_REQUIRED.md","Decision Required — open; no new organizer approval recorded.","CFG-02, PAY-01, PAY-04, PAY-05, PAY-07, PAY-08.","Named accountable approver; relevant source/contract/policy evidence; [current decision register](../DECISIONS.md). Coordinate related CFG packets without silently deciding them.","Relevant paid or discounted registration/workshop opening.","Finance and conference leadership; product/technical owner coordinates implementation.","Yes for closure and affected live stages. Evidence gathering, documentation and independent synthetic implementation remain unblocked."
"DR-CFG-03","Approve scientific configuration by submission/review stage","DECISION_REQUIRED.md","Decision Required — open; no new organizer approval recorded.","CFG-03, ABS-02, ABS-11, ABS-14, REV-02, REV-04.","Named accountable approver; relevant source/contract/policy evidence; [current decision register](../DECISIONS.md). Coordinate related CFG packets without silently deciding them.","Each affected submission, review or final-material stage.","Scientific lead; product/technical owner coordinates implementation.","Yes for closure and affected live stages. Evidence gathering, documentation and independent synthetic implementation remain unblocked."
"DR-CFG-04","Approve event judging and research-winner validation","DECISION_REQUIRED.md","Decision Required — open; no new organizer approval recorded.","CFG-04, ABS-08, REV-10.","Named accountable approver; relevant source/contract/policy evidence; [current decision register](../DECISIONS.md). Coordinate related CFG packets without silently deciding them.","Event judging and award release.","Scientific and award lead; product/technical owner coordinates implementation.","Yes for closure and affected live stages. Evidence gathering, documentation and independent synthetic implementation remain unblocked."
"DR-CFG-05","Approve remaining hackathon rules by stage","DECISION_REQUIRED.md","Decision Required — open; no new organizer approval recorded.","CFG-05, HAC-01, HAC-03, HAC-04, HAC-06, HAC-07, HAC-08, HAC-09, HAC-11.","Named accountable approver; relevant source/contract/policy evidence; [current decision register](../DECISIONS.md). Coordinate related CFG packets without silently deciding them.","Each affected hackathon stage.","Hackathon lead; product/technical owner coordinates implementation.","Yes for closure and affected live stages. Evidence gathering, documentation and independent synthetic implementation remain unblocked."
"DR-CFG-06","Approve the independent postgraduate 3MT rulebook","DECISION_REQUIRED.md","Decision Required — open; no new organizer approval recorded.","CFG-06, TMT-01, TMT-02, TRK-01.","Named accountable approver; relevant source/contract/policy evidence; [current decision register](../DECISIONS.md). Coordinate related CFG packets without silently deciding them.","Each relevant 3MT stage before opening.","3MT lead; product/technical owner coordinates implementation.","Yes for closure and affected live stages. Evidence gathering, documentation and independent synthetic implementation remain unblocked."
"DR-CFG-07","Approve workshop catalog and seat lifecycle rules","DECISION_REQUIRED.md","Decision Required — open; no new organizer approval recorded.","CFG-07, WKS-01, WKS-03, WKS-04, WKS-05, WKS-06.","Named accountable approver; relevant source/contract/policy evidence; [current decision register](../DECISIONS.md). Coordinate related CFG packets without silently deciding them.","Workshop booking opening.","Workshop lead; product/technical owner coordinates implementation.","Yes for closure and affected live stages. Evidence gathering, documentation and independent synthetic implementation remain unblocked."
"DR-CFG-08","Approve operations, survey unlinking and certificate release inputs","DECISION_REQUIRED.md","Decision Required — open; no new organizer approval recorded.","CFG-08, CHK-05, CRT-01, CRT-02, CRT-03, CRT-04, CRT-06.","Named accountable approver; relevant source/contract/policy evidence; [current decision register](../DECISIONS.md). Coordinate related CFG packets without silently deciding them.","Event procedures and each survey/certificate release.","Operations and certificate lead with privacy reviewer; product/technical owner coordinates implementation.","Yes for closure and affected live stages. Evidence gathering, documentation and independent synthetic implementation remain unblocked."
"DR-CFG-09","Approve privacy, collection, retention and transfer policy","DECISION_REQUIRED.md","Decision Required — open; no new organizer approval recorded.","CFG-09, PRV-01, PRV-02, PRV-03, PRV-04, PRV-05, PRV-06, PRV-07, PRV-08.","Named accountable approver; relevant source/contract/policy evidence; [current decision register](../DECISIONS.md). Coordinate related CFG packets without silently deciding them.","Before production data collection or new processing.","Organizational privacy owner and institutional authority; product/technical owner coordinates implementation.","Yes for closure and affected live stages. Evidence gathering, documentation and independent synthetic implementation remain unblocked."
"DR-CFG-10","Approve service plans, locations and integration contracts","DECISION_REQUIRED.md","Decision Required — open; no new organizer approval recorded.","CFG-10, INF-01, INF-02, INF-06, INF-07, EML-02, AI-05, AI-06, SEC-03.","Named accountable approver; relevant source/contract/policy evidence; [current decision register](../DECISIONS.md). Coordinate related CFG packets without silently deciding them.","Production provisioning or each relevant integration activation.","Technical owner with privacy and scientific approval; product/technical owner coordinates implementation.","Yes for closure and affected live stages. Evidence gathering, documentation and independent synthetic implementation remain unblocked."
"DR-CFG-11","Confirm institutional authorization and continuing custodians","DECISION_REQUIRED.md","Decision Required — open; no new organizer approval recorded.","CFG-11, INF-03, ROL-10, ROL-12, SEC-07.","Named accountable approver; relevant source/contract/policy evidence; [current decision register](../DECISIONS.md). Coordinate related CFG packets without silently deciding them.","Production deployment and privileged operating access.","Club and conference leadership; product/technical owner coordinates implementation.","Yes for closure and affected live stages. Evidence gathering, documentation and independent synthetic implementation remain unblocked."
"DR-CFG-12","Approve brand, bilingual public content and media rights","DECISION_REQUIRED.md","Decision Required — open; no new organizer approval recorded.","CFG-12, DSN-01, DSN-02, CMS-04, MED-02, ARC-02.","Named accountable approver; relevant source/contract/policy evidence; [current decision register](../DECISIONS.md). Coordinate related CFG packets without silently deciding them.","Public launch and each asset/content publication.","Design/content lead with asset rights owners; product/technical owner coordinates implementation.","Yes for closure and affected live stages. Evidence gathering, documentation and independent synthetic implementation remain unblocked."
"DR-CFG-13","Reconcile the hackathon source conflicts explicitly","DECISION_REQUIRED.md","Decision Required — open; no new organizer approval recorded.","CFG-13, HAC-02, HAC-05, HAC-07, HAC-10, AUTH-06, PRV-03, EML-01.","Named accountable approver; relevant source/contract/policy evidence; [current decision register](../DECISIONS.md). Coordinate related CFG packets without silently deciding them.","Affected collection, communication, eligibility, originality checking or selection stage.","Hackathon lead with privacy, operations and technical owners; product/technical owner coordinates implementation.","Yes for closure and affected live stages. Evidence gathering, documentation and independent synthetic implementation remain unblocked."
