"SourceID","ImplementationIssues","DecisionIssues"
"SCP-01","BL-GOV-01; BL-PUB-01",""
"SCP-02","BL-PUB-01; BL-PUB-02; BL-PUB-03; BL-PUB-04; BL-PUB-05; BL-PUB-07; BL-PUB-08; BL-PUB-09; BL-WKS-01; BL-PGM-02",""
"SCP-03","BL-FND-06; BL-AUTH-08; BL-ABS-03; BL-REG-04; BL-REG-05; BL-TMT-01",""
"SCP-04","BL-GOV-01",""
"SCP-05","BL-GOV-01; BL-PUB-05; BL-REG-05; BL-PGM-02; BL-CRT-04; BL-RPT-01",""
"SCP-06","BL-GOV-01",""
"SCP-07","BL-GOV-01; BL-GOV-03; BL-ATT-01; BL-CRT-01; BL-HND-04",""
"ROL-01","BL-CMS-01; BL-AUTH-01; BL-RPT-01; BL-SEC-01",""
"ROL-02","BL-AUTH-01; BL-AUTH-08; BL-ABS-02; BL-REG-04; BL-CHK-01; BL-SEC-01",""
"ROL-03","BL-AUTH-01; BL-REV-02; BL-REV-03; BL-REV-04; BL-CRT-07; BL-SEC-01; BL-SEC-04",""
"ROL-04","BL-AUTH-01; BL-REV-02; BL-HAC-05; BL-TMT-03; BL-CRT-07; BL-SEC-01; BL-SEC-04",""
"ROL-05","BL-AUTH-01; BL-ABS-05; BL-SEC-01",""
"ROL-06","BL-AUTH-01; BL-ABS-08; BL-REV-08; BL-HAC-09; BL-TMT-05; BL-SEC-01",""
"ROL-07","BL-AUTH-01; BL-REG-02; BL-PAY-04; BL-PAY-07; BL-WKS-03; BL-WKS-05; BL-ATT-02; BL-ATT-03; BL-RPT-01; BL-SEC-01; BL-HND-02",""
"ROL-08","BL-AUTH-01; BL-CHK-02; BL-CHK-03; BL-CHK-04; BL-ATT-03; BL-RPT-01; BL-SEC-01; BL-HND-02",""
"ROL-09","BL-PUB-03; BL-PUB-07; BL-CMS-01; BL-CMS-04; BL-CMS-07; BL-AUTH-01; BL-RPT-01; BL-SEC-01",""
"ROL-10","BL-GOV-02; BL-AUTH-01; BL-CRT-09; BL-RPT-02; BL-RPT-03; BL-SEC-01; BL-SEC-06; BL-HND-03","DR-CFG-11"
"ROL-11","BL-AUTH-01; BL-ABS-04; BL-ABS-05; BL-ABS-08; BL-SEC-01; BL-SEC-04",""
"ROL-12","BL-AUTH-01; BL-AUTH-05; BL-AUTH-06; BL-REV-03; BL-REV-08; BL-TMT-05; BL-CHK-02; BL-CRT-09; BL-RPT-03; BL-SEC-01; BL-SEC-04; BL-SEC-10; BL-TST-01; BL-HND-02; BL-HND-03","DR-CFG-11"
"AUTH-01","BL-AUTH-02; BL-REG-01; BL-TST-01",""
"AUTH-02","BL-AUTH-03",""
"AUTH-03","BL-AUTH-04",""
"AUTH-04","BL-AUTH-01; BL-AUTH-05; BL-TST-01",""
"AUTH-05","BL-AUTH-04; BL-AUTH-06",""
"AUTH-06","BL-AUTH-02; BL-AUTH-07; BL-HAC-01","DR-CFG-13"
"AUTH-07","BL-AUTH-07; BL-SEC-06",""
"AUTH-08","BL-AUTH-09; BL-SEC-07",""
"LOC-01","BL-FND-01; BL-DSN-01; BL-DSN-03; BL-PUB-01; BL-PUB-05; BL-CMS-03; BL-AUTH-02; BL-AUTH-08; BL-PGM-02; BL-CHK-02; BL-SRV-02; BL-TST-05",""
"LOC-02","BL-DSN-01; BL-ABS-01; BL-HAC-03; BL-TMT-01; BL-TST-05",""
"LOC-03","BL-FND-05; BL-DSN-01; BL-TST-05; BL-DEP-08",""
"ACC-01","BL-DSN-01; BL-DSN-02; BL-DSN-03; BL-PUB-01; BL-PUB-06; BL-AUTH-03; BL-PGM-02; BL-CHK-02; BL-SRV-02; BL-SEC-02; BL-TST-05",""
"REG-01","BL-REG-01; BL-REG-05",""
"REG-02","BL-REG-01; BL-REG-02; BL-PAY-02",""
"REG-03","BL-REG-02; BL-REG-04; BL-PAY-03; BL-PAY-08; BL-WKS-03",""
"REG-04","BL-REG-01; BL-REG-02; BL-REG-03",""
"REG-05","BL-REG-01","DR-CFG-01"
"REG-06","BL-REG-02; BL-REG-03; BL-PAY-05","DR-CFG-01"
"REG-07","BL-REG-03; BL-REG-04; BL-PAY-06; BL-CHK-01",""
"REG-08","BL-PUB-04; BL-REG-05",""
"PAY-01","BL-PAY-01; BL-PAY-03; BL-PAY-07; BL-PAY-08","DR-CFG-02"
"PAY-02","BL-PAY-01",""
"PAY-03","BL-PAY-02; BL-WKS-03",""
"PAY-04","BL-PAY-03; BL-PAY-04; BL-PAY-08","DR-CFG-02"
"PAY-05","BL-PAY-03; BL-PAY-04; BL-PAY-05; BL-PAY-08","DR-CFG-02"
"PAY-06","BL-REG-03; BL-PAY-05; BL-PAY-06",""
"PAY-07","BL-REG-03; BL-PAY-06; BL-WKS-06","DR-CFG-02"
"PAY-08","BL-PUB-08; BL-PAY-07; BL-PAY-08","DR-CFG-02"
"ABS-01","BL-PUB-04; BL-ABS-01",""
"ABS-02","BL-ABS-01; BL-ABS-03","DR-CFG-03"
"ABS-03","BL-ABS-01",""
"ABS-04","BL-ABS-01",""
"ABS-05","BL-ABS-03",""
"ABS-06","BL-ABS-03",""
"ABS-07","BL-ABS-06; BL-ABS-07",""
"ABS-08","BL-PUB-04; BL-REV-09; BL-CRT-06","DR-CFG-04"
"ABS-09","BL-ABS-04; BL-SEC-03",""
"ABS-10","BL-ABS-05",""
"ABS-11","BL-ABS-05","DR-CFG-03"
"ABS-12","BL-ABS-02; BL-ABS-06; BL-ABS-07; BL-REV-07",""
"ABS-13","BL-ABS-06",""
"ABS-14","BL-ABS-08; BL-SEC-03","DR-CFG-03"
"ABS-15","BL-ABS-04; BL-ABS-08; BL-REV-02",""
"REV-01","BL-REV-02; BL-HAC-05; BL-TMT-03",""
"REV-02","BL-REV-01; BL-REV-03; BL-REV-07","DR-CFG-03"
"REV-03","BL-REV-03; BL-REV-04; BL-CRT-07",""
"REV-04","BL-REV-01; BL-REV-04; BL-AI-03","DR-CFG-03"
"REV-05","BL-REV-01; BL-REV-05",""
"REV-06","BL-ABS-07; BL-ABS-08; BL-REV-05",""
"REV-07","BL-REV-05; BL-REV-06; BL-HAC-06; BL-HAC-10; BL-TMT-03; BL-TMT-06",""
"REV-08","BL-REV-06; BL-TST-02",""
"REV-09","BL-ABS-07; BL-REV-07",""
"REV-10","BL-REV-08; BL-REV-09; BL-CRT-06","DR-CFG-04"
"AI-01","BL-AI-01; BL-AI-02",""
"AI-02","BL-REV-02; BL-AI-01",""
"AI-03","BL-AI-03",""
"AI-04","BL-AI-02; BL-AI-03",""
"AI-05","BL-AI-01; BL-AI-04","DR-CFG-10"
"AI-06","BL-AI-02; BL-AI-04","DR-CFG-10"
"TRK-01","BL-PUB-04","DR-CFG-06"
"HAC-01","BL-HAC-01; BL-HAC-02","DR-CFG-05"
"HAC-02","BL-HAC-01; BL-HAC-04; BL-HAC-06","DR-CFG-13"
"HAC-03","BL-HAC-02","DR-CFG-05"
"HAC-04","BL-HAC-03","DR-CFG-05"
"HAC-05","BL-HAC-03; BL-HAC-04","DR-CFG-13"
"HAC-06","BL-HAC-05; BL-HAC-06","DR-CFG-05"
"HAC-07","BL-HAC-06","DR-CFG-05; DR-CFG-13"
"HAC-08","BL-HAC-07; BL-HAC-08; BL-HAC-10; BL-CRT-10","DR-CFG-05"
"HAC-09","BL-HAC-07; BL-HAC-09","DR-CFG-05"
"HAC-10","BL-HAC-01; BL-HAC-04; BL-HAC-08","DR-CFG-13"
"HAC-11","BL-HAC-07; BL-HAC-09; BL-HAC-10; BL-CRT-10","DR-CFG-05"
"TMT-01","BL-TMT-01; BL-TMT-02; BL-TMT-03; BL-TMT-04; BL-CRT-11","DR-CFG-06"
"TMT-02","BL-TMT-01; BL-TMT-02; BL-TMT-03; BL-TMT-04; BL-TMT-05; BL-TMT-06; BL-CRT-11","DR-CFG-06"
"WKS-01","BL-WKS-01; BL-WKS-05","DR-CFG-07"
"WKS-02","BL-PAY-02; BL-WKS-01; BL-WKS-02; BL-WKS-03",""
"WKS-03","BL-WKS-02; BL-WKS-03","DR-CFG-07"
"WKS-04","BL-PAY-05; BL-WKS-02; BL-WKS-04; BL-WKS-05; BL-WKS-06","DR-CFG-07"
"WKS-05","BL-WKS-04","DR-CFG-07"
"WKS-06","BL-WKS-02; BL-WKS-03; BL-WKS-04; BL-WKS-06","DR-CFG-07"
"WKS-07","BL-WKS-05; BL-WKS-06; BL-PGM-03",""
"PRG-01","BL-PGM-01; BL-PGM-02; BL-PGM-03",""
"CHK-01","BL-CHK-01",""
"CHK-02","BL-CHK-02; BL-CHK-03; BL-HND-02",""
"CHK-03","BL-HAC-08; BL-CHK-03; BL-ATT-01; BL-ATT-02; BL-CRT-01",""
"CHK-04","BL-HAC-08; BL-CHK-03; BL-CHK-04; BL-ATT-01; BL-ATT-03; BL-HND-02",""
"CHK-05","BL-CHK-04; BL-ATT-03; BL-TST-04; BL-HND-02","DR-CFG-08"
"CRT-01","BL-ATT-01; BL-ATT-02; BL-SRV-02; BL-CRT-01; BL-TST-04","DR-CFG-08"
"CRT-02","BL-SRV-01; BL-SRV-02; BL-SRV-03; BL-RPT-04; BL-TST-04; BL-DEP-03","DR-CFG-08"
"CRT-03","BL-HAC-10; BL-TMT-06; BL-CRT-01; BL-CRT-02; BL-CRT-06; BL-CRT-07; BL-CRT-08; BL-CRT-09; BL-CRT-10; BL-CRT-11; BL-TST-04","DR-CFG-08"
"CRT-04","BL-CRT-02; BL-CRT-03; BL-CRT-05; BL-TST-04","DR-CFG-08"
"CRT-05","BL-CRT-04; BL-SEC-07; BL-TST-04; BL-HND-05",""
"CRT-06","BL-CRT-02; BL-CRT-04; BL-CRT-05; BL-CRT-08; BL-SEC-07; BL-TST-04; BL-HND-05","DR-CFG-08"
"EML-01","BL-FND-05; BL-PUB-06; BL-AUTH-03; BL-AUTH-04; BL-PAY-07; BL-WKS-06; BL-PGM-03; BL-DEP-08","DR-CFG-13"
"EML-02","BL-DEP-08","DR-CFG-10"
"EML-03","BL-FND-05; BL-CMS-07; BL-REV-05; BL-HAC-02; BL-PGM-03; BL-CRT-03; BL-DEP-05; BL-DEP-08",""
"EML-04","BL-FND-05; BL-PUB-06; BL-REV-05; BL-PAY-07; BL-PGM-03; BL-CRT-03; BL-DEP-08",""
"EML-05","BL-FND-05; BL-REV-05; BL-TST-06; BL-DEP-05; BL-DEP-08",""
"SUP-01","BL-PUB-06",""
"SUP-02","BL-PUB-06",""
"SUP-03","BL-PUB-06; BL-CMS-07",""
"SPN-01","BL-PUB-07; BL-CMS-04",""
"SPN-02","BL-PUB-07; BL-CMS-07",""
"CMS-01","BL-PUB-05; BL-CMS-01; BL-CMS-03; BL-WKS-01; BL-PGM-01",""
"CMS-02","BL-CMS-02; BL-CMS-05; BL-PGM-01",""
"CMS-03","BL-PUB-03; BL-CMS-04; BL-PGM-01; BL-CRT-08",""
"CMS-04","BL-PUB-03; BL-PUB-04; BL-PUB-05; BL-CMS-02; BL-CMS-03; BL-REG-05; BL-PAY-07; BL-WKS-01; BL-SRV-02; BL-RPT-04","DR-CFG-12"
"MED-01","BL-DSN-02; BL-PUB-09; BL-CMS-05; BL-CMS-06; BL-CMS-08",""
"MED-02","BL-DSN-02; BL-PUB-07; BL-PUB-08; BL-CMS-04; BL-CMS-05; BL-SEC-05","DR-CFG-12"
"MED-03","BL-PUB-09; BL-CMS-05; BL-CMS-08; BL-SEC-05; BL-TST-05",""
"MED-04","BL-DSN-02; BL-PUB-09; BL-CMS-06; BL-CMS-08",""
"DSN-01","BL-DSN-02; BL-PUB-01; BL-CMS-08; BL-TST-05","DR-CFG-12"
"DSN-02","BL-DSN-01; BL-DSN-02; BL-DSN-03; BL-TST-05","DR-CFG-12"
"ARC-01","BL-PUB-09; BL-RPT-04; BL-HND-05",""
"ARC-02","BL-PUB-09; BL-HND-05","DR-CFG-12"
"ADM-01","BL-PAY-05; BL-ATT-03; BL-RPT-01",""
"ADM-02","BL-RPT-01",""
"ADM-03","BL-PAY-07; BL-RPT-02; BL-RPT-04",""
"ADM-04","BL-CMS-02; BL-CMS-05; BL-PAY-06; BL-WKS-05; BL-ATT-03; BL-CRT-03; BL-CRT-05; BL-RPT-03",""
"ADM-05","BL-SRV-01; BL-RPT-03",""
"DAT-01","BL-FND-06; BL-AUTH-02; BL-AUTH-07; BL-SEC-05; BL-SEC-06",""
"DAT-02","BL-FND-06",""
"DAT-03","BL-FND-06; BL-CMS-01; BL-AUTH-08; BL-REG-01; BL-REG-04; BL-PAY-01; BL-PAY-06; BL-CHK-01; BL-ATT-01; BL-ATT-02; BL-SRV-01; BL-SRV-03; BL-CRT-01",""
"DAT-04","BL-FND-02; BL-FND-04; BL-FND-06; BL-AUTH-02; BL-REG-02; BL-PAY-01; BL-PAY-02; BL-PAY-04; BL-WKS-02; BL-CHK-01; BL-CHK-03; BL-ATT-01; BL-CRT-04; BL-RPT-02; BL-SEC-07; BL-SEC-08; BL-DEP-06",""
"API-01","BL-FND-04; BL-FND-06; BL-REG-01; BL-PAY-03; BL-ATT-02; BL-SRV-01; BL-SRV-03; BL-RPT-03; BL-SEC-02",""
"API-02","BL-FND-03; BL-FND-04; BL-FND-06; BL-CMS-02; BL-REG-02; BL-REG-04; BL-PAY-01; BL-PAY-02; BL-PAY-03; BL-PAY-04; BL-PAY-05; BL-WKS-02; BL-WKS-03; BL-WKS-04; BL-WKS-05; BL-WKS-06; BL-CHK-03; BL-SRV-03; BL-CRT-03; BL-CRT-05; BL-SEC-02; BL-TST-03",""
"API-03","BL-FND-04; BL-FND-05; BL-CMS-06; BL-CMS-08; BL-AUTH-09; BL-REG-03; BL-WKS-04; BL-SRV-03; BL-CRT-02; BL-CRT-03; BL-RPT-02; BL-SEC-03; BL-SEC-08; BL-TST-06; BL-DEP-05",""
"PRV-01","BL-PUB-08; BL-SEC-05; BL-SEC-09","DR-CFG-09"
"PRV-02","BL-PUB-08; BL-REG-01; BL-SRV-01; BL-SEC-05","DR-CFG-09"
"PRV-03","BL-PUB-06; BL-CMS-04; BL-CMS-07; BL-AUTH-07; BL-ABS-03; BL-PAY-01; BL-CHK-04; BL-SRV-01; BL-CRT-04; BL-RPT-02; BL-SEC-04; BL-SEC-05; BL-DEP-03","DR-CFG-09; DR-CFG-13"
"PRV-04","BL-AUTH-07; BL-CRT-05; BL-SEC-06","DR-CFG-09"
"PRV-05","BL-AUTH-09; BL-SRV-01; BL-CRT-04; BL-RPT-04; BL-SEC-06; BL-SEC-07; BL-HND-04; BL-HND-05","DR-CFG-09"
"PRV-06","BL-AUTH-09; BL-RPT-04; BL-SEC-07; BL-SEC-08; BL-TST-07; BL-DEP-03; BL-DEP-04; BL-HND-04; BL-HND-05","DR-CFG-09"
"PRV-07","BL-AI-01; BL-SEC-09; BL-DEP-01","DR-CFG-09"
"PRV-08","BL-PUB-08; BL-PUB-09; BL-CMS-05; BL-SEC-05; BL-HND-04","DR-CFG-09"
"SEC-01","BL-AUTH-02; BL-AUTH-03; BL-AUTH-04; BL-AUTH-05; BL-CHK-01; BL-CHK-02; BL-CRT-04; BL-SEC-01; BL-SEC-02; BL-DEP-07",""
"SEC-02","BL-FND-02; BL-CMS-01; BL-AUTH-01; BL-RPT-01; BL-SEC-01; BL-SEC-04; BL-TST-01; BL-DEP-03",""
"SEC-03","BL-CMS-06; BL-ABS-04; BL-TMT-02; BL-TMT-04; BL-CRT-02; BL-SEC-03","DR-CFG-10"
"SEC-04","BL-ABS-04; BL-ABS-08; BL-SEC-03",""
"SEC-05","BL-CMS-06; BL-CRT-02; BL-CRT-05; BL-RPT-02; BL-SEC-04",""
"SEC-06","BL-FND-01; BL-AUTH-05; BL-AUTH-06; BL-RPT-03; BL-SEC-10; BL-DEP-01; BL-DEP-02; BL-DEP-03; BL-DEP-08; BL-HND-03",""
"SEC-07","BL-CHK-04; BL-SEC-10; BL-TST-07; BL-DEP-04; BL-DEP-05","DR-CFG-11"
"INF-01","BL-FND-01; BL-SEC-09; BL-DEP-01","DR-CFG-10"
"INF-02","BL-SEC-09; BL-DEP-01","DR-CFG-10"
"INF-03","BL-GOV-02; BL-DEP-02; BL-DEP-08; BL-HND-03; BL-HND-05","DR-CFG-11"
"INF-04","BL-FND-01; BL-FND-02; BL-DEP-01; BL-DEP-02; BL-DEP-03; BL-DEP-08; BL-HND-05",""
"INF-05","BL-FND-01; BL-FND-02; BL-TST-07; BL-DEP-02; BL-DEP-06; BL-HND-01; BL-HND-03; BL-HND-04; BL-HND-05",""
"INF-06","BL-SEC-08; BL-TST-07; BL-DEP-04","DR-CFG-10"
"INF-07","BL-TST-07; BL-DEP-04","DR-CFG-10"
"INF-08","BL-SEC-10; BL-DEP-05; BL-DEP-07; BL-HND-01",""
"NFR-01","BL-TST-06",""
"NFR-02","BL-DSN-02; BL-CMS-08; BL-TST-06; BL-DEP-07",""
"NFR-03","BL-TST-06; BL-DEP-05; BL-DEP-07",""
"TIM-01","BL-FND-03; BL-PUB-02; BL-CMS-03; BL-ABS-06; BL-REV-04; BL-REV-06; BL-REG-01; BL-REG-03; BL-WKS-01; BL-WKS-02; BL-TMT-02; BL-PGM-01; BL-ATT-01; BL-SRV-02; BL-TST-06; BL-DEP-07",""
"TIM-02","BL-FND-03; BL-ABS-06; BL-ABS-07; BL-REV-04; BL-REV-06; BL-HAC-03; BL-HAC-07; BL-TMT-02; BL-TMT-04; BL-TST-06",""
"ERR-01","BL-FND-01; BL-FND-03; BL-FND-06; BL-AUTH-04; BL-AUTH-06; BL-AUTH-08; BL-ABS-02; BL-REV-04; BL-PAY-03; BL-PAY-05; BL-SEC-02; BL-TST-06",""
"ERR-02","BL-FND-04; BL-FND-06; BL-ABS-02; BL-ABS-06; BL-REV-07; BL-AI-02; BL-REG-03; BL-HAC-03; BL-TMT-02; BL-SRV-03; BL-SEC-02; BL-TST-02; BL-TST-03; BL-TST-06",""
"REL-01","BL-GOV-02; BL-GOV-03; BL-DSN-03; BL-CMS-02; BL-TST-05; BL-DEP-06; BL-DEP-08",""
"REL-02","BL-GOV-03; BL-TST-03; BL-DEP-06; BL-DEP-08; BL-HND-02",""
"REL-03","BL-GOV-03; BL-AI-04; BL-REG-05; BL-TST-02; BL-DEP-06",""
"REL-04","BL-GOV-03; BL-REG-05; BL-TMT-04; BL-DEP-06",""
"REL-05","BL-GOV-03; BL-REV-08; BL-HAC-08; BL-HAC-09; BL-HAC-10; BL-TMT-05; BL-TMT-06; BL-PGM-03; BL-CHK-04; BL-CRT-06; BL-CRT-07; BL-CRT-08; BL-CRT-09; BL-CRT-10; BL-CRT-11; BL-TST-04; BL-DEP-06; BL-HND-02",""
"REL-06","BL-GOV-01; BL-GOV-03; BL-DSN-03; BL-SEC-10; BL-TST-01; BL-TST-05; BL-TST-07; BL-DEP-02; BL-DEP-05; BL-DEP-06; BL-HND-01; BL-HND-04",""
"CFG-01","BL-GOV-01; BL-FND-03; BL-PUB-02","DR-CFG-01"
"CFG-02","BL-PAY-08","DR-CFG-02"
"CFG-03","BL-FND-03; BL-REV-01","DR-CFG-03"
"CFG-04","BL-REV-08; BL-REV-09","DR-CFG-04"
"CFG-05","BL-FND-03","DR-CFG-05"
"CFG-06","BL-FND-03","DR-CFG-06"
"CFG-07","BL-FND-03","DR-CFG-07"
"CFG-08","BL-ATT-02","DR-CFG-08"
"CFG-09","BL-SEC-09","DR-CFG-09"
"CFG-10","BL-AI-01; BL-AI-04; BL-PAY-08; BL-SEC-09","DR-CFG-10"
"CFG-11","BL-GOV-02; BL-HND-03","DR-CFG-11"
"CFG-12","BL-PUB-01; BL-PUB-02; BL-HND-04","DR-CFG-12"
"CFG-13","BL-GOV-01; BL-HAC-04; BL-HAC-06","DR-CFG-13"
"AT-01","BL-TST-01",""
"AT-02","BL-REV-02; BL-SEC-01; BL-SEC-02; BL-SEC-04; BL-TST-01",""
"AT-03","BL-REG-02; BL-REG-04; BL-PAY-02; BL-CHK-01; BL-TST-03",""
"AT-04","BL-PAY-04; BL-PAY-06; BL-PAY-08; BL-TST-03",""
"AT-05","BL-REG-02; BL-PAY-02; BL-WKS-02; BL-TST-03",""
"AT-06","BL-WKS-04; BL-TST-03",""
"AT-07","BL-ABS-01; BL-ABS-06; BL-TST-02",""
"AT-08","BL-ABS-04; BL-ABS-05; BL-ABS-08; BL-SEC-03; BL-TST-02",""
"AT-09","BL-REV-01; BL-REV-03; BL-REV-04; BL-AI-02; BL-AI-03; BL-AI-04; BL-TST-02",""
"AT-10","BL-REV-05; BL-REV-06; BL-REV-07; BL-TST-02",""
"AT-11","BL-REV-09; BL-TST-02",""
"AT-12","BL-HAC-01; BL-HAC-02; BL-HAC-03; BL-HAC-05; BL-TMT-03; BL-TST-01",""
"AT-13","BL-CHK-03; BL-CHK-04; BL-ATT-03; BL-TST-04; BL-HND-02",""
"AT-14","BL-SRV-01; BL-SRV-03; BL-CRT-01; BL-CRT-03; BL-TST-04",""
"AT-15","BL-SEC-05; BL-TST-05",""
"AT-16","BL-ABS-02; BL-ABS-06; BL-TST-06; BL-DEP-07",""
"AT-17","BL-RPT-02; BL-SEC-06; BL-SEC-07; BL-SEC-08; BL-TST-07; BL-DEP-04",""
"AT-18","BL-SEC-10; BL-TST-07; BL-DEP-01; BL-DEP-02; BL-DEP-03; BL-DEP-06; BL-HND-01; BL-HND-03; BL-HND-04; BL-HND-05",""
