"Path","TaskChange"
".env.example","Modified"
".gitattributes","Preserved"
".github/workflows/ci.yml","Modified"
".gitignore","Preserved"
".node-version","Preserved"
"AGENTS.md","Preserved"
"docs/ACCEPTANCE_AND_RELEASE.md","Preserved"
"docs/ARCHITECTURE.md","Modified"
"docs/backlog/01-governance.md","Preserved"
"docs/backlog/02-foundation.md","Preserved"
"docs/backlog/03-design-system.md","Preserved"
"docs/backlog/04-public-site.md","Preserved"
"docs/backlog/05-cms.md","Preserved"
"docs/backlog/06-authentication.md","Preserved"
"docs/backlog/07-abstract-submission.md","Preserved"
"docs/backlog/08-review-and-decisions.md","Preserved"
"docs/backlog/09-ai-assessment.md","Preserved"
"docs/backlog/10-registration.md","Preserved"
"docs/backlog/11-payment.md","Preserved"
"docs/backlog/12-workshops.md","Preserved"
"docs/backlog/13-hackathon.md","Preserved"
"docs/backlog/14-3mt.md","Preserved"
"docs/backlog/15-program.md","Preserved"
"docs/backlog/16-qr-check-in.md","Preserved"
"docs/backlog/17-attendance.md","Preserved"
"docs/backlog/18-surveys.md","Preserved"
"docs/backlog/19-certificates.md","Preserved"
"docs/backlog/20-reporting.md","Preserved"
"docs/backlog/21-privacy-security.md","Preserved"
"docs/backlog/22-testing.md","Preserved"
"docs/backlog/23-deployment.md","Preserved"
"docs/backlog/24-handover.md","Preserved"
"docs/backlog/DECISION_REQUIRED.md","Preserved"
"docs/backlog/ISSUE_INDEX.csv","Preserved"
"docs/backlog/README.md","Preserved"
"docs/backlog/SOURCE_COVERAGE.csv","Preserved"
"docs/backlog/VALIDATION.md","Preserved"
"docs/CONFERENCE_BACKGROUND.md","Preserved"
"docs/DECISIONS.md","Modified"
"docs/DESIGN_GUIDE.md","Preserved"
"docs/features/about.md","Preserved"
"docs/features/design-system.md","Preserved"
"docs/features/foundation.md","Modified"
"docs/features/local-data.md","Modified"
"docs/HANDOFF_VALIDATION.md","Preserved"
"docs/licenses/DM-Sans-OFL.txt","Preserved"
"docs/licenses/Inter-OFL.txt","Preserved"
"docs/licenses/Noto-Sans-Arabic-OFL.txt","Preserved"
"docs/MEDIA_REGISTER.md","Preserved"
"docs/OWNERSHIP_AND_SETUP.md","Preserved"
"docs/PROGRESS.md","Modified"
"docs/PROJECT_BRIEF.md","Preserved"
"docs/REQUIREMENTS.md","Preserved"
"docs/reviews/m1-changed-files.md","Added"
"docs/reviews/m1-files.csv","Added"
"docs/reviews/m1-foundation.md","Added"
"docs/reviews/m2-homepage.md","Preserved"
"docs/ROADMAP.md","Preserved"
"docs/SOURCE_REGISTER.md","Preserved"
"eslint.config.mjs","Preserved"
"MSRC27_Codex_Context.md","Preserved"
"next-env.d.ts","Preserved"
"next.config.ts","Preserved"
"package.json","Modified"
"playwright.config.ts","Preserved"
"pnpm-lock.yaml","Preserved"
"pnpm-workspace.yaml","Preserved"
"postcss.config.mjs","Preserved"
"prompts/01_START_FOUNDATION.md","Preserved"
"prompts/02_DESIGN_AND_HOMEPAGE.md","Preserved"
"prompts/03_FEATURE_AND_REVIEW.md","Preserved"
"prompts/04_RELEASE_AND_POLISH.md","Preserved"
"public/brand/hero-poster.svg","Preserved"
"public/brand/synthetic-motion.webm","Preserved"
"README.md","Modified"
"scripts/start-local.ps1","Preserved"
"scripts/use-local-node.ps1","Preserved"
"scripts/write-local-env.d.mts","Added"
"scripts/write-local-env.mjs","Added"
"SHA256SUMS.txt","Preserved"
"sources/Development_Specification_v0.5.txt","Preserved"
"sources/Hackathon_Draft.txt","Preserved"
"sources/MSRC27_Brand_Reference_Canva.txt","Preserved"
"sources/MSRC27_Main_File_extracted.txt","Preserved"
"sources/MSRC27_Main_File.pdf","Preserved"
"sources/MSRC27_Website_Brand_Guide.pdf","Preserved"
"sources/previous_starter_pack/MSRC27_AI_Development_Prompts.md","Preserved"
"sources/previous_starter_pack/MSRC27_Project_Progress_Tracker.md","Preserved"
"sources/previous_starter_pack/MSRC27_Website_Development_Playbook.md","Preserved"
"sources/previous_starter_pack/MSRC27_Website_Development_Starter_Pack.zip","Preserved"
"sources/PROJECT_CONTEXT_NOTES.md","Preserved"
"src/app/[locale]/(auth)/README.md","Added"
"src/app/[locale]/(preview)/about/page.tsx","Preserved"
"src/app/[locale]/(preview)/layout.tsx","Preserved"
"src/app/[locale]/(preview)/loading.tsx","Preserved"
"src/app/[locale]/(preview)/page.tsx","Preserved"
"src/app/[locale]/[...path]/page.tsx","Preserved"
"src/app/[locale]/admin/README.md","Added"
"src/app/[locale]/check-in/README.md","Added"
"src/app/[locale]/dashboard/README.md","Added"
"src/app/[locale]/design-system/page.tsx","Preserved"
"src/app/[locale]/error.tsx","Preserved"
"src/app/[locale]/layout.tsx","Preserved"
"src/app/[locale]/not-found.tsx","Preserved"
"src/app/[locale]/reviewer/README.md","Added"
"src/app/api/health/route.ts","Preserved"
"src/app/api/workflows/[workflow]/route.ts","Preserved"
"src/app/global-error.tsx","Preserved"
"src/app/globals.css","Preserved"
"src/app/robots.ts","Preserved"
"src/app/route.ts","Preserved"
"src/components/brand/README.md","Added"
"src/components/data-display/README.md","Added"
"src/components/design-system-demo.tsx","Preserved"
"src/components/feedback/README.md","Added"
"src/components/forms/README.md","Added"
"src/components/hero-media.tsx","Preserved"
"src/components/language-switch.tsx","Preserved"
"src/components/site-header.tsx","Preserved"
"src/components/site-shell.tsx","Preserved"
"src/components/ui/button.tsx","Preserved"
"src/components/ui/container.tsx","Preserved"
"src/components/ui/section-heading.tsx","Preserved"
"src/components/ui/status-badge.tsx","Preserved"
"src/components/ui/text-field.tsx","Preserved"
"src/config/conference.ts","Preserved"
"src/config/workflows.ts","Preserved"
"src/content/about.ts","Preserved"
"src/content/public-site.ts","Preserved"
"src/features/attendance/README.md","Added"
"src/features/auth/README.md","Added"
"src/features/certificates/README.md","Added"
"src/features/content/README.md","Added"
"src/features/hackathon/README.md","Added"
"src/features/payments/README.md","Added"
"src/features/program/README.md","Added"
"src/features/registration/README.md","Added"
"src/features/review/README.md","Added"
"src/features/submissions/README.md","Added"
"src/features/surveys/README.md","Added"
"src/features/three-minute-thesis/README.md","Added"
"src/features/workshops/README.md","Added"
"src/lib/audit/README.md","Added"
"src/lib/email/README.md","Added"
"src/lib/fonts.ts","Preserved"
"src/lib/i18n.ts","Preserved"
"src/lib/jobs/README.md","Added"
"src/lib/media-policy.ts","Preserved"
"src/lib/payments/README.md","Added"
"src/lib/permissions/README.md","Added"
"src/lib/preview.server.ts","Preserved"
"src/lib/supabase/browser.ts","Preserved"
"src/lib/supabase/config.ts","Preserved"
"src/lib/supabase/database.types.ts","Preserved"
"src/lib/supabase/server.ts","Preserved"
"src/lib/validation/README.md","Added"
"src/lib/workflows.server.ts","Preserved"
"src/styles/about.css","Preserved"
"src/styles/components.css","Preserved"
"src/styles/design-system.css","Preserved"
"src/styles/homepage.css","Preserved"
"src/styles/media.css","Preserved"
"src/styles/tokens.css","Preserved"
"supabase/.gitignore","Preserved"
"supabase/config.toml","Modified"
"supabase/migrations/20260929143136_foundation_samples.sql","Preserved"
"supabase/schemas/README.md","Added"
"supabase/seed.sql","Preserved"
"supabase/tests/database/foundation_samples.test.sql","Preserved"
"tests/e2e/about.spec.ts","Preserved"
"tests/e2e/closed-workflows.spec.ts","Preserved"
"tests/e2e/design-system.spec.ts","Preserved"
"tests/e2e/public-shell.spec.ts","Preserved"
"tests/integration/client-boundary.ts","Added"
"tests/integration/local-supabase.test.ts","Added"
"tests/unit/design-contracts.test.ts","Preserved"
"tests/unit/foundation.test.ts","Preserved"
"tests/unit/local-env.test.ts","Added"
"tests/unit/media-policy.test.ts","Preserved"
"tests/unit/server-only.ts","Preserved"
"tsconfig.json","Preserved"
"vitest.config.ts","Preserved"
"vitest.integration.config.ts","Added"
